DTXSID,scaffold_split,random_split
DTXSID7020005,train,train
DTXSID2020006,train,test
DTXSID7020007,val,test
DTXSID7020009,train,val
DTXSID6020014,test,val
DTXSID1020015,train,test
DTXSID0020020,train,train
DTXSID5020021,train,train
DTXSID0020022,train,train
DTXSID5020023,train,val
DTXSID0020024,train,val
DTXSID5020027,train,train
DTXSID5020029,train,train
DTXSID9020031,test,test
DTXSID4020032,train,val
DTXSID4020038,train,train
DTXSID8020040,val,train
DTXSID3020043,train,train
DTXSID8020044,train,test
DTXSID3020047,train,train
DTXSID7020053,train,train
DTXSID2020054,train,val
DTXSID7020057,train,train
DTXSID2020058,val,train
DTXSID6020062,train,train
DTXSID1020063,train,train
DTXSID6020064,train,train
DTXSID6020066,train,test
DTXSID6020068,train,test
DTXSID1020069,train,train
DTXSID0020070,train,train
DTXSID5020071,train,train
DTXSID0020074,train,train
DTXSID0020076,train,train
DTXSID5020079,train,val
DTXSID9020081,train,val
DTXSID9020083,train,train
DTXSID4020086,train,train
DTXSID4020088,train,train
DTXSID9020089,train,train
DTXSID8020090,train,train
DTXSID8020092,train,val
DTXSID3020093,train,train
DTXSID8020094,train,val
DTXSID3020095,train,train
DTXSID3020097,train,test
DTXSID3020099,test,train
DTXSID0020105,train,train
DTXSID0020107,train,val
DTXSID5020108,train,train
DTXSID9020110,test,train
DTXSID9020112,train,train
DTXSID4020113,val,train
DTXSID9020114,test,train
DTXSID4020115,train,train
DTXSID9020116,val,train
DTXSID4020117,test,train
DTXSID9020118,train,test
DTXSID4020119,test,train
DTXSID3020120,val,train
DTXSID3020122,train,train
DTXSID8020123,train,train
DTXSID8020127,train,train
DTXSID3020128,train,train
DTXSID8020129,train,train
DTXSID2020137,train,test
DTXSID2020139,val,train
DTXSID1020140,train,val
DTXSID6020141,val,val
DTXSID1020142,val,train
DTXSID1020144,train,train
DTXSID6020145,train,train
DTXSID1020146,test,train
DTXSID6020147,train,val
DTXSID1020148,train,train
DTXSID6020149,train,train
DTXSID0020151,train,train
DTXSID5020152,train,test
DTXSID0020153,train,train
DTXSID5020154,train,val
DTXSID0020155,train,val
DTXSID5020156,train,test
DTXSID0020157,train,train
DTXSID9020160,test,train
DTXSID4020161,train,train
DTXSID9020164,train,train
DTXSID9020166,train,train
DTXSID4020167,train,train
DTXSID9020168,train,train
DTXSID8020173,train,train
DTXSID8020175,test,train
DTXSID8020179,train,test
DTXSID7020182,train,train
DTXSID7020184,val,train
DTXSID2020189,train,train
DTXSID1020190,train,test
DTXSID6020193,train,train
DTXSID6020197,test,train
DTXSID1020198,train,train
DTXSID6020199,train,train
DTXSID8020200,train,train
DTXSID8020202,train,train
DTXSID3020205,train,train
DTXSID8020206,train,train
DTXSID3020207,train,train
DTXSID3020209,train,val
DTXSID2020210,train,train
DTXSID7020211,train,test
DTXSID2020212,train,train
DTXSID7020213,train,train
DTXSID7020215,train,val
DTXSID2020216,train,train
DTXSID6020220,train,train
DTXSID1020221,train,val
DTXSID6020222,train,train
DTXSID1020223,train,train
DTXSID6020224,train,val
DTXSID5020231,train,train
DTXSID0020232,train,train
DTXSID5020233,train,train
DTXSID0020236,train,train
DTXSID0020238,train,val
DTXSID5020239,val,test
DTXSID4020240,train,train
DTXSID9020241,train,train
DTXSID4020242,train,train
DTXSID9020243,train,train
DTXSID4020244,train,train
DTXSID9020245,train,val
DTXSID4020246,train,train
DTXSID9020247,train,train
DTXSID4020248,train,train
DTXSID9020249,train,train
DTXSID8020250,train,train
DTXSID8020252,train,train
DTXSID3020253,train,train
DTXSID8020256,train,train
DTXSID3020257,train,val
DTXSID2020260,train,train
DTXSID7020261,train,train
DTXSID2020262,train,train
DTXSID7020263,train,train
DTXSID7020265,train,train
DTXSID2020266,train,train
DTXSID7020267,val,train
DTXSID2020268,train,train
DTXSID6020274,train,train
DTXSID1020275,train,train
DTXSID6020276,val,val
DTXSID6020278,train,test
DTXSID1020279,train,train
DTXSID0020280,train,val
DTXSID5020281,train,val
DTXSID0020282,train,train
DTXSID5020283,train,train
DTXSID0020284,train,train
DTXSID0020286,train,val
DTXSID5020287,train,train
DTXSID0020288,train,train
DTXSID4020290,test,train
DTXSID4020292,train,train
DTXSID9020293,train,train
DTXSID4020294,train,train
DTXSID9020295,train,train
DTXSID4020298,train,test
DTXSID9020299,train,train
DTXSID1020300,train,test
DTXSID6020303,train,test
DTXSID1020306,train,train
DTXSID6020307,train,val
DTXSID1020308,train,val
DTXSID6020309,train,train
DTXSID5020310,train,train
DTXSID0020311,train,train
DTXSID5020312,val,train
DTXSID5020314,train,train
DTXSID0020315,train,test
DTXSID0020319,train,train
DTXSID4020321,train,train
DTXSID9020322,train,train
DTXSID4020325,train,train
DTXSID4020327,train,val
DTXSID9020328,train,val
DTXSID4020329,train,train
DTXSID3020330,test,train
DTXSID8020331,train,train
DTXSID3020336,train,train
DTXSID8020337,train,train
DTXSID2020341,train,train
DTXSID7020342,val,val
DTXSID7020344,test,train
DTXSID2020345,train,train
DTXSID2020347,train,val
DTXSID7020348,train,test
DTXSID2020349,train,test
DTXSID1020350,train,train
DTXSID1020352,train,val
DTXSID1020354,train,train
DTXSID6020355,train,train
DTXSID6020357,val,train
DTXSID1020358,test,train
DTXSID6020359,train,val
DTXSID5020360,val,train
DTXSID0020361,train,val
DTXSID0020363,test,train
DTXSID0020365,test,test
DTXSID5020366,val,train
DTXSID0020367,train,train
DTXSID5020368,train,train
DTXSID0020369,train,test
DTXSID9020370,train,train
DTXSID4020371,train,val
DTXSID9020372,train,train
DTXSID4020373,train,train
DTXSID9020374,train,train
DTXSID4020375,train,train
DTXSID9020378,test,val
DTXSID4020379,train,train
DTXSID3020380,train,train
DTXSID8020381,train,train
DTXSID8020383,train,train
DTXSID3020384,train,val
DTXSID7020390,train,val
DTXSID2020391,train,train
DTXSID7020392,train,train
DTXSID7020398,train,val
DTXSID2020399,train,test
DTXSID4020400,train,train
DTXSID9020401,train,train
DTXSID4020402,train,train
DTXSID4020406,train,train
DTXSID9020407,train,train
DTXSID9020409,val,test
DTXSID8020410,val,train
DTXSID3020413,train,train
DTXSID3020415,train,train
DTXSID3020419,train,train
DTXSID2020420,train,train
DTXSID7020421,train,train
DTXSID7020423,train,train
DTXSID2020424,train,train
DTXSID7020425,train,train
DTXSID2020426,train,val
DTXSID7020427,train,train
DTXSID2020428,train,train
DTXSID6020430,train,train
DTXSID1020431,train,train
DTXSID6020432,train,val
DTXSID6020434,train,train
DTXSID1020437,train,train
DTXSID6020438,train,train
DTXSID1020439,train,train
DTXSID0020440,train,test
DTXSID5020441,train,train
DTXSID0020442,train,train
DTXSID5020443,train,val
DTXSID0020444,train,val
DTXSID5020445,train,train
DTXSID0020446,train,val
DTXSID5020447,train,train
DTXSID0020448,train,train
DTXSID5020449,train,train
DTXSID4020450,train,test
DTXSID9020451,val,train
DTXSID4020452,test,train
DTXSID9020453,val,train
DTXSID4020458,train,train
DTXSID9020459,train,train
DTXSID8020462,train,test
DTXSID3020463,train,train
DTXSID8020464,train,train
DTXSID3020465,train,train
DTXSID8020466,train,val
DTXSID8020468,train,test
DTXSID3020469,test,test
DTXSID2020470,test,train
DTXSID2020474,val,train
DTXSID2020478,val,train
DTXSID7020479,train,val
DTXSID6020480,train,test
DTXSID1020483,train,train
DTXSID6020484,train,train
DTXSID1020485,train,val
DTXSID5020491,train,train
DTXSID5020493,train,train
DTXSID0020494,train,train
DTXSID5020497,train,train
DTXSID0020498,train,val
DTXSID5020499,train,train
DTXSID2020501,train,test
DTXSID7020504,train,train
DTXSID2020505,train,train
DTXSID2020507,train,train
DTXSID7020508,train,train
DTXSID2020509,train,train
DTXSID1020510,val,val
DTXSID6020511,train,train
DTXSID1020512,train,train
DTXSID6020515,train,test
DTXSID1020516,train,val
DTXSID6020517,train,val
DTXSID5020520,train,train
DTXSID0020523,train,train
DTXSID0020527,train,train
DTXSID5020528,train,train
DTXSID0020529,train,train
DTXSID4020533,train,train
DTXSID4020535,val,train
DTXSID4020537,train,train
DTXSID9020538,val,test
DTXSID4020539,train,test
DTXSID3020540,val,train
DTXSID8020541,test,train
DTXSID8020543,train,val
DTXSID8020545,train,val
DTXSID3020546,train,train
DTXSID3020548,train,train
DTXSID7020550,train,train
DTXSID7020552,train,train
DTXSID2020557,test,val
DTXSID7020558,test,val
DTXSID1020560,test,train
DTXSID1020562,train,val
DTXSID1020566,train,train
DTXSID6020569,train,val
DTXSID5020572,train,train
DTXSID0020573,train,train
DTXSID0020575,train,train
DTXSID5020576,train,val
DTXSID0020577,train,train
DTXSID9020580,train,train
DTXSID4020581,train,val
DTXSID9020582,val,val
DTXSID4020583,train,train
DTXSID9020584,train,train
DTXSID4020587,train,val
DTXSID4020589,train,train
DTXSID8020591,train,val
DTXSID8020593,train,train
DTXSID3020596,train,train
DTXSID8020597,train,train
DTXSID3020598,val,train
DTXSID5020601,test,test
DTXSID0020602,train,train
DTXSID5020603,train,val
DTXSID0020604,val,train
DTXSID5020605,train,train
DTXSID0020606,train,train
DTXSID5020607,train,train
DTXSID4020612,train,train
DTXSID4020614,train,train
DTXSID9020615,test,train
DTXSID4020616,test,val
DTXSID9020617,train,train
DTXSID4020618,val,test
DTXSID8020620,train,train
DTXSID3020621,val,train
DTXSID3020625,test,train
DTXSID8020626,test,val
DTXSID3020627,train,train
DTXSID8020628,train,val
DTXSID3020629,train,train
DTXSID7020631,train,val
DTXSID2020634,train,train
DTXSID7020635,train,val
DTXSID2020636,test,train
DTXSID6020646,train,train
DTXSID1020647,train,val
DTXSID6020648,test,val
DTXSID0020650,train,train
DTXSID0020652,train,train
DTXSID5020653,train,train
DTXSID0020654,train,test
DTXSID0020656,test,test
DTXSID5020659,train,train
DTXSID9020663,train,train
DTXSID4020664,train,train
DTXSID4020666,train,train
DTXSID9020667,train,train
DTXSID4020668,test,train
DTXSID9020669,val,val
DTXSID3020671,train,train
DTXSID3020673,train,train
DTXSID8020674,val,test
DTXSID8020678,test,train
DTXSID3020679,val,train
DTXSID2020680,train,train
DTXSID7020681,train,train
DTXSID2020682,train,train
DTXSID7020683,train,train
DTXSID2020684,train,train
DTXSID2020688,val,test
DTXSID7020689,train,val
DTXSID6020690,train,train
DTXSID6020692,val,train
DTXSID6020694,train,train
DTXSID6020696,train,train
DTXSID1020697,train,train
DTXSID1020699,train,test
DTXSID3020700,train,test
DTXSID3020704,train,test
DTXSID3020706,train,val
DTXSID8020707,train,train
DTXSID3020708,train,train
DTXSID7020710,test,train
DTXSID2020713,train,train
DTXSID7020714,train,val
DTXSID7020716,train,test
DTXSID2020717,train,train
DTXSID6020721,train,train
DTXSID1020728,train,train
DTXSID5020730,train,train
DTXSID5020732,train,train
DTXSID0020733,val,test
DTXSID0020737,train,test
DTXSID5020738,train,train
DTXSID9020740,val,val
DTXSID9020742,train,train
DTXSID4020743,train,test
DTXSID4020745,test,train
DTXSID4020749,train,train
DTXSID3020750,train,train
DTXSID3020752,train,train
DTXSID8020753,train,train
DTXSID8020755,train,train
DTXSID3020756,train,train
DTXSID8020757,train,val
DTXSID8020759,train,train
DTXSID7020760,train,val
DTXSID2020761,train,train
DTXSID7020762,train,train
DTXSID7020764,train,train
DTXSID7020766,train,train
DTXSID2020767,train,train
DTXSID7020768,train,test
DTXSID1020770,test,train
DTXSID6020771,train,train
DTXSID6020777,val,test
DTXSID1020778,train,train
DTXSID6020779,train,test
DTXSID5020782,train,test
DTXSID5020784,train,train
DTXSID9020790,train,train
DTXSID4020791,train,train
DTXSID9020792,test,val
DTXSID9020796,val,train
DTXSID6020802,train,train
DTXSID1020803,test,train
DTXSID6020804,train,train
DTXSID1020805,train,train
DTXSID1020807,train,train
DTXSID1020809,train,test
DTXSID0020810,test,train
DTXSID0020814,train,train
DTXSID5020815,val,train
DTXSID0020818,test,train
DTXSID5020819,val,train
DTXSID4020820,test,train
DTXSID9020821,train,train
DTXSID4020822,train,val
DTXSID9020825,val,train
DTXSID4020826,train,train
DTXSID9020827,train,train
DTXSID9020829,train,train
DTXSID8020830,train,train
DTXSID3020833,train,test
DTXSID8020834,train,train
DTXSID3020835,train,train
DTXSID8020838,train,test
DTXSID7020841,val,train
DTXSID7020843,train,train
DTXSID2020844,train,val
DTXSID7020845,train,train
DTXSID2020846,train,val
DTXSID7020847,train,train
DTXSID1020855,train,train
DTXSID6020856,train,train
DTXSID1020857,train,train
DTXSID1020859,train,train
DTXSID5020861,train,train
DTXSID0020862,test,test
DTXSID5020863,train,train
DTXSID5020865,train,val
DTXSID5020867,train,train
DTXSID0020868,train,train
DTXSID5020869,train,train
DTXSID4020870,train,train
DTXSID4020876,train,test
DTXSID9020877,train,test
DTXSID4020878,train,train
DTXSID8020886,test,train
DTXSID3020887,train,train
DTXSID8020888,train,val
DTXSID3020889,train,train
DTXSID2020890,train,train
DTXSID2020892,train,train
DTXSID7020893,train,train
DTXSID2020894,train,train
DTXSID7020895,test,val
DTXSID7020897,train,test
DTXSID2020898,test,train
DTXSID4020901,train,train
DTXSID9020902,test,val
DTXSID3020910,train,train
DTXSID8020911,train,test
DTXSID3020912,test,val
DTXSID8020913,train,train
DTXSID3020914,train,train
DTXSID8020915,train,val
DTXSID3020916,train,test
DTXSID8020917,train,val
DTXSID3020918,val,train
DTXSID8020919,train,train
DTXSID7020920,train,train
DTXSID2020921,train,train
DTXSID7020922,train,val
DTXSID2020923,val,train
DTXSID2020927,train,train
DTXSID2020929,train,test
DTXSID1020930,val,test
DTXSID1020932,train,train
DTXSID6020933,train,train
DTXSID6020939,train,train
DTXSID0020943,train,train
DTXSID5020944,train,val
DTXSID5020946,train,val
DTXSID5020948,val,train
DTXSID9020956,train,train
DTXSID4020957,train,train
DTXSID9020958,train,val
DTXSID4020959,train,train
DTXSID3020960,val,train
DTXSID8020961,train,train
DTXSID3020962,train,train
DTXSID8020963,train,train
DTXSID3020964,train,val
DTXSID8020965,train,train
DTXSID3020966,train,val
DTXSID8020967,train,train
DTXSID8020969,train,train
DTXSID7020970,train,train
DTXSID2020971,train,train
DTXSID7020972,val,train
DTXSID2020977,train,train
DTXSID7020978,train,train
DTXSID1020980,train,train
DTXSID6020981,train,train
DTXSID1020982,train,test
DTXSID6020983,train,train
DTXSID1020984,train,train
DTXSID6020985,train,train
DTXSID4021002,train,train
DTXSID4021006,train,test
DTXSID2021022,train,train
DTXSID2021026,train,train
DTXSID7021027,train,train
DTXSID2021028,train,train
DTXSID7021029,train,train
DTXSID6021030,train,train
DTXSID1021031,train,train
DTXSID6021032,train,train
DTXSID6021036,train,train
DTXSID1021039,train,val
DTXSID0021040,train,train
DTXSID9021053,train,train
DTXSID4021056,train,train
DTXSID9021059,train,train
DTXSID8021060,train,train
DTXSID8021062,train,train
DTXSID3021065,train,train
DTXSID3021069,val,train
DTXSID2021070,test,train
DTXSID6021080,train,train
DTXSID1021081,val,train
DTXSID6021082,train,train
DTXSID6021086,train,val
DTXSID1021087,train,test
DTXSID1021089,val,train
DTXSID5021093,train,train
DTXSID0021094,train,val
DTXSID0021096,test,train
DTXSID5021097,train,train
DTXSID7021100,train,train
DTXSID7021102,train,train
DTXSID2021103,train,train
DTXSID7021104,train,train
DTXSID2021105,train,train
DTXSID7021106,train,test
DTXSID1021114,val,train
DTXSID1021116,train,train
DTXSID6021117,train,val
DTXSID1021118,test,train
DTXSID5021120,train,test
DTXSID0021121,train,train
DTXSID5021122,train,train
DTXSID0021123,test,val
DTXSID5021124,train,train
DTXSID0021125,train,test
DTXSID5021126,train,train
DTXSID0021127,test,test
DTXSID5021128,train,train
DTXSID0021129,train,train
DTXSID9021130,train,test
DTXSID4021131,val,train
DTXSID9021132,train,train
DTXSID4021133,val,val
DTXSID9021134,train,train
DTXSID4021135,train,test
DTXSID9021136,train,train
DTXSID4021137,train,train
DTXSID9021138,train,test
DTXSID3021140,train,train
DTXSID3021142,train,val
DTXSID3021144,train,train
DTXSID8021145,train,train
DTXSID8021147,train,train
DTXSID7021150,train,train
DTXSID2021151,train,train
DTXSID7021152,train,train
DTXSID7021156,train,train
DTXSID7021158,train,val
DTXSID2021159,train,train
DTXSID1021160,train,train
DTXSID1021162,val,train
DTXSID6021163,test,train
DTXSID1021164,train,train
DTXSID6021165,train,train
DTXSID1021166,train,test
DTXSID1021168,train,train
DTXSID5021170,val,train
DTXSID0021179,train,train
DTXSID4021181,test,train
DTXSID9021182,test,val
DTXSID9021184,train,train
DTXSID4021185,train,train
DTXSID9021188,train,train
DTXSID4021189,train,train
DTXSID8021191,train,train
DTXSID3021192,train,train
DTXSID8021193,train,train
DTXSID8021195,test,test
DTXSID3021196,train,train
DTXSID8021197,train,train
DTXSID3021198,train,val
DTXSID8021199,train,train
DTXSID5021201,train,train
DTXSID0021206,train,val
DTXSID5021209,train,train
DTXSID4021212,train,train
DTXSID4021214,train,val
DTXSID9021215,train,train
DTXSID4021216,train,train
DTXSID9021217,val,train
DTXSID4021218,train,val
DTXSID3021221,val,val
DTXSID8021222,test,train
DTXSID3021223,test,val
DTXSID8021224,test,train
DTXSID7021231,train,val
DTXSID2021232,val,val
DTXSID7021233,train,test
DTXSID2021234,train,train
DTXSID7021235,train,train
DTXSID2021236,train,train
DTXSID7021237,train,train
DTXSID2021238,train,val
DTXSID7021239,train,train
DTXSID6021240,train,train
DTXSID1021241,train,train
DTXSID1021243,train,train
DTXSID6021244,test,test
DTXSID6021246,val,test
DTXSID1021247,val,test
DTXSID6021248,val,test
DTXSID5021251,val,test
DTXSID0021254,train,val
DTXSID5021255,train,train
DTXSID0021256,val,train
DTXSID0021258,val,test
DTXSID4021260,train,train
DTXSID9021267,train,val
DTXSID4021268,train,test
DTXSID8021270,train,train
DTXSID3021275,train,test
DTXSID3021277,train,train
DTXSID8021278,train,train
DTXSID2021282,train,test
DTXSID2021284,train,train
DTXSID2021286,train,train
DTXSID7021287,train,train
DTXSID2021288,train,train
DTXSID7021289,train,train
DTXSID6021290,train,train
DTXSID6021292,test,test
DTXSID6021294,val,test
DTXSID6021296,train,train
DTXSID1021299,train,val
DTXSID8021301,train,train
DTXSID3021304,train,train
DTXSID8021305,train,train
DTXSID8021309,train,train
DTXSID2021311,train,train
DTXSID7021312,train,train
DTXSID7021314,train,train
DTXSID2021315,val,train
DTXSID7021316,train,train
DTXSID2021317,train,train
DTXSID7021318,train,train
DTXSID2021319,train,val
DTXSID1021320,train,train
DTXSID6021321,train,train
DTXSID1021322,train,train
DTXSID6021327,test,val
DTXSID1021328,train,train
DTXSID5021330,train,train
DTXSID5021332,train,val
DTXSID0021333,train,train
DTXSID5021334,train,train
DTXSID5021336,train,val
DTXSID0021337,val,train
DTXSID5021338,train,train
DTXSID0021339,test,train
DTXSID9021340,train,test
DTXSID4021341,train,train
DTXSID4021343,train,train
DTXSID9021344,train,train
DTXSID9021346,train,test
DTXSID4021347,train,train
DTXSID9021348,train,train
DTXSID3021356,train,val
DTXSID3021358,val,val
DTXSID8021359,train,train
DTXSID7021360,train,train
DTXSID7021362,train,train
DTXSID2021363,train,train
DTXSID7021364,train,train
DTXSID2021365,train,val
DTXSID7021366,train,train
DTXSID2021367,train,train
DTXSID6021371,train,val
DTXSID1021372,train,train
DTXSID6021373,val,train
DTXSID1021374,train,train
DTXSID6021375,train,val
DTXSID6021377,train,val
DTXSID1021378,train,train
DTXSID6021379,train,train
DTXSID5021380,train,train
DTXSID0021381,train,train
DTXSID0021383,train,val
DTXSID5021384,train,train
DTXSID0021385,train,train
DTXSID5021386,train,train
DTXSID0021387,train,val
DTXSID5021388,train,val
DTXSID0021389,train,train
DTXSID9021390,train,val
DTXSID9021392,train,train
DTXSID4021393,train,train
DTXSID4021395,train,train
DTXSID9021396,val,train
DTXSID4021397,test,val
DTXSID9021398,train,train
DTXSID6021402,train,val
DTXSID1021403,train,val
DTXSID6021404,train,train
DTXSID1021405,train,train
DTXSID6021408,train,train
DTXSID1021409,train,train
DTXSID0021410,val,train
DTXSID5021411,train,train
DTXSID5021413,train,train
DTXSID0021414,train,val
DTXSID5021415,train,train
DTXSID0021418,train,train
DTXSID4021424,train,train
DTXSID9021425,test,train
DTXSID4021426,train,val
DTXSID9021427,train,train
DTXSID3021431,train,train
DTXSID3021437,train,test
DTXSID8021438,train,train
DTXSID2021440,train,train
DTXSID2021442,train,test
DTXSID2021448,train,train
DTXSID1021455,train,val
DTXSID6021456,train,test
DTXSID6021458,train,train
DTXSID0021460,val,train
DTXSID0021464,train,val
DTXSID4021472,train,train
DTXSID4021478,train,train
DTXSID9021479,train,train
DTXSID8021482,train,train
DTXSID3021483,train,train
DTXSID8021484,train,test
DTXSID3021485,train,train
DTXSID3021487,train,val
DTXSID8021488,train,train
DTXSID7021491,train,train
DTXSID2021492,train,val
DTXSID7021493,train,train
DTXSID7021495,train,train
DTXSID2021496,train,train
DTXSID2021498,train,train
DTXSID7021499,train,val
DTXSID4021503,train,train
DTXSID8021513,train,train
DTXSID8021515,train,train
DTXSID3021516,train,train
DTXSID8021517,train,test
DTXSID8021519,train,val
DTXSID7021520,train,train
DTXSID7021524,train,train
DTXSID7021526,train,train
DTXSID1021530,train,train
DTXSID0021543,train,test
DTXSID5021544,train,test
DTXSID0021545,train,train
DTXSID5021546,train,train
DTXSID0021547,train,test
DTXSID9021552,train,train
DTXSID4021553,train,train
DTXSID9021554,train,train
DTXSID4021557,train,train
DTXSID4021559,train,val
DTXSID8021561,train,train
DTXSID3021562,train,train
DTXSID8021563,train,val
DTXSID8021565,train,val
DTXSID2021575,train,test
DTXSID7021576,train,train
DTXSID2021577,train,train
DTXSID6021581,train,train
DTXSID6021583,train,train
DTXSID1021584,train,train
DTXSID6021585,train,train
DTXSID1021586,train,train
DTXSID5021590,train,train
DTXSID0021597,train,train
DTXSID5021598,train,train
DTXSID0021599,train,train
DTXSID2021600,train,train
DTXSID7021601,train,train
DTXSID2021602,train,val
DTXSID7021603,train,train
DTXSID2021604,train,val
DTXSID7021605,train,train
DTXSID7021607,train,test
DTXSID2021608,train,train
DTXSID6021610,train,train
DTXSID1021615,train,test
DTXSID1021617,train,test
DTXSID6021618,train,train
DTXSID1021619,train,train
DTXSID0021620,train,train
DTXSID5021621,train,test
DTXSID0021626,train,train
DTXSID5021627,train,val
DTXSID5021629,train,train
DTXSID9021631,val,val
DTXSID4021632,train,train
DTXSID9021633,train,train
DTXSID4021634,train,train
DTXSID9021635,train,train
DTXSID4021636,train,train
DTXSID9021637,train,train
DTXSID4021638,train,train
DTXSID9021639,train,train
DTXSID8021640,train,train
DTXSID3021641,train,train
DTXSID8021642,train,train
DTXSID3021643,train,test
DTXSID8021644,train,train
DTXSID3021645,train,test
DTXSID8021646,train,train
DTXSID3021647,train,train
DTXSID8021648,train,train
DTXSID2021650,train,test
DTXSID2021652,train,train
DTXSID7021653,train,train
DTXSID2021654,train,train
DTXSID7021655,train,train
DTXSID2021656,train,train
DTXSID7021657,train,val
DTXSID2021658,train,test
DTXSID7021659,train,train
DTXSID6021660,test,train
DTXSID1021665,train,train
DTXSID6021666,train,train
DTXSID1021667,train,train
DTXSID6021668,train,test
DTXSID5021671,train,train
DTXSID0021672,train,train
DTXSID5021679,train,train
DTXSID4021680,train,train
DTXSID9021683,train,train
DTXSID4021684,train,test
DTXSID9021685,test,train
DTXSID4021688,train,train
DTXSID9021689,train,train
DTXSID8021690,train,val
DTXSID5021708,train,train
DTXSID0021709,train,val
DTXSID4021715,train,test
DTXSID9021716,train,train
DTXSID4021717,train,test
DTXSID9021718,train,test
DTXSID8021721,val,val
DTXSID3021726,train,train
DTXSID8021729,test,train
DTXSID2021735,train,train
DTXSID2021739,train,train
DTXSID1021740,train,train
DTXSID6021741,train,val
DTXSID1021744,val,test
DTXSID6021749,train,train
DTXSID0021751,train,train
DTXSID5021752,train,test
DTXSID5021754,train,train
DTXSID5021756,train,val
DTXSID0021757,train,train
DTXSID5021758,train,train
DTXSID0021759,train,train
DTXSID4021761,train,test
DTXSID9021762,train,train
DTXSID9021764,train,train
DTXSID4021767,train,train
DTXSID4021769,train,train
DTXSID3021770,train,train
DTXSID8021771,train,train
DTXSID3021772,train,train
DTXSID3021774,val,test
DTXSID8021775,train,train
DTXSID8021777,val,train
DTXSID3021778,val,test
DTXSID7021780,train,train
DTXSID2021781,train,train
DTXSID7021784,train,train
DTXSID7021788,train,val
DTXSID2021789,train,train
DTXSID1021790,train,train
DTXSID1021792,train,train
DTXSID6021793,train,train
DTXSID6021795,test,train
DTXSID1021798,train,train
DTXSID6021799,train,train
DTXSID8021800,train,val
DTXSID3021801,train,test
DTXSID8021802,train,train
DTXSID3021803,train,train
DTXSID8021804,train,val
DTXSID3021805,val,val
DTXSID3021807,train,train
DTXSID8021808,train,train
DTXSID2021810,train,train
DTXSID7021815,train,train
DTXSID2021816,train,train
DTXSID7021817,train,test
DTXSID2021818,train,train
DTXSID6021820,train,test
DTXSID1021821,train,train
DTXSID6021822,train,train
DTXSID1021823,train,val
DTXSID6021824,train,test
DTXSID1021827,train,train
DTXSID6021828,train,val
DTXSID5021831,train,train
DTXSID0021832,train,test
DTXSID0021834,train,train
DTXSID5021835,train,val
DTXSID5021837,train,test
DTXSID5021839,train,train
DTXSID9021841,train,train
DTXSID4021842,val,train
DTXSID9021843,train,val
DTXSID9021847,train,test
DTXSID4021848,train,train
DTXSID3021851,train,train
DTXSID3021853,train,val
DTXSID8021854,train,train
DTXSID8021856,train,train
DTXSID2021860,train,train
DTXSID7021863,train,train
DTXSID2021864,train,train
DTXSID2021866,train,test
DTXSID7021867,train,train
DTXSID2021868,train,train
DTXSID7021869,train,train
DTXSID1021871,train,train
DTXSID1021873,train,train
DTXSID6021874,train,train
DTXSID1021877,train,test
DTXSID1021879,train,test
DTXSID5021881,train,test
DTXSID5021883,train,train
DTXSID5021885,train,val
DTXSID0021886,train,train
DTXSID0021888,train,val
DTXSID5021889,train,train
DTXSID4021890,train,train
DTXSID4021892,train,train
DTXSID4021894,train,train
DTXSID9021897,train,train
DTXSID9021899,train,train
DTXSID6021901,train,val
DTXSID1021902,train,train
DTXSID1021904,train,val
DTXSID6021907,train,train
DTXSID6021909,train,train
DTXSID5021914,train,train
DTXSID0021915,train,train
DTXSID5021916,train,train
DTXSID0021917,train,train
DTXSID4021921,train,test
DTXSID9021922,train,test
DTXSID4021923,train,val
DTXSID9021924,train,train
DTXSID4021925,train,train
DTXSID9021928,train,train
DTXSID4021929,train,train
DTXSID3021930,train,train
DTXSID8021931,train,train
DTXSID3021932,train,val
DTXSID3021936,train,test
DTXSID8021937,train,test
DTXSID3021938,train,val
DTXSID8021939,train,test
DTXSID7021940,train,val
DTXSID2021941,train,train
DTXSID2021943,train,train
DTXSID7021946,train,test
DTXSID2021947,train,train
DTXSID7021948,train,test
DTXSID2021949,train,train
DTXSID1021952,val,train
DTXSID6021953,train,train
DTXSID1021956,train,train
DTXSID6021957,train,train
DTXSID1021958,train,train
DTXSID6021959,train,train
DTXSID0021961,train,train
DTXSID5021962,train,train
DTXSID0021965,train,train
DTXSID5021968,train,train
DTXSID0021969,train,train
DTXSID4021971,train,train
DTXSID9021974,train,train
DTXSID4021975,train,train
DTXSID9021976,train,train
DTXSID4021977,train,test
DTXSID4021979,train,train
DTXSID3021980,train,train
DTXSID3021982,train,test
DTXSID3021984,train,train
DTXSID3021986,train,val
DTXSID2021993,val,train
DTXSID7021994,train,train
DTXSID2021995,train,test
DTXSID7021996,train,val
DTXSID2021997,train,train
DTXSID7021998,train,train
DTXSID6022000,train,train
DTXSID1022001,train,train
DTXSID6022004,train,train
DTXSID6022006,train,test
DTXSID1022007,train,train
DTXSID6022008,train,train
DTXSID1022009,train,val
DTXSID0022010,train,train
DTXSID0022014,train,train
DTXSID0022016,val,train
DTXSID0022018,train,train
DTXSID4022020,train,train
DTXSID9022027,train,train
DTXSID3022035,train,test
DTXSID7022043,train,train
DTXSID2022048,train,test
DTXSID7022049,train,train
DTXSID6022050,train,train
DTXSID1022051,train,train
DTXSID1022053,train,train
DTXSID1022055,train,test
DTXSID6022056,train,train
DTXSID1022057,train,test
DTXSID6022058,train,train
DTXSID0022060,train,train
DTXSID5022061,train,train
DTXSID0022062,train,train
DTXSID4022070,train,train
DTXSID9022079,train,train
DTXSID8022082,train,test
DTXSID8022084,train,test
DTXSID8022086,train,test
DTXSID3022089,train,train
DTXSID2022090,train,train
DTXSID7022093,train,train
DTXSID2022096,train,train
DTXSID9022100,train,train
DTXSID4022107,train,train
DTXSID4022109,train,test
DTXSID8022111,train,val
DTXSID8022113,train,train
DTXSID8022117,train,val
DTXSID7022120,train,val
DTXSID2022121,test,train
DTXSID2022123,train,train
DTXSID7022124,train,train
DTXSID2022127,train,train
DTXSID7022128,train,val
DTXSID1022130,train,train
DTXSID6022131,val,test
DTXSID6022133,train,val
DTXSID6022137,train,train
DTXSID4022153,train,train
DTXSID4022159,train,train
DTXSID3022160,train,train
DTXSID8022161,train,train
DTXSID3022162,train,train
DTXSID3022164,train,train
DTXSID7022170,train,val
DTXSID2022171,train,train
DTXSID7022172,train,train
DTXSID7022174,val,train
DTXSID2022179,train,test
DTXSID1022186,train,train
DTXSID6022187,train,train
DTXSID1022188,train,train
DTXSID0022191,train,val
DTXSID0022193,train,val
DTXSID5022194,train,train
DTXSID1022217,train,train
DTXSID6022218,train,test
DTXSID0022220,train,test
DTXSID5022227,train,val
DTXSID8022246,train,test
DTXSID3022247,train,test
DTXSID7022253,test,val
DTXSID2022254,train,train
DTXSID2022256,train,test
DTXSID1022265,train,train
DTXSID1022267,train,test
DTXSID5022279,train,train
DTXSID4022284,train,train
DTXSID4022288,train,train
DTXSID8022292,train,test
DTXSID0022301,val,train
DTXSID0022305,train,train
DTXSID5022306,train,train
DTXSID5022308,train,train
DTXSID9022310,train,train
DTXSID4022311,train,train
DTXSID9022312,train,test
DTXSID4022315,test,test
DTXSID3022320,train,train
DTXSID8022325,train,val
DTXSID3022326,train,train
DTXSID8022329,train,test
DTXSID2022331,train,train
DTXSID7022332,train,train
DTXSID6022341,train,val
DTXSID6022345,train,train
DTXSID0022353,train,train
DTXSID9022360,train,train
DTXSID4022361,val,val
DTXSID9022364,train,train
DTXSID9022366,train,val
DTXSID4022367,val,val
DTXSID4022369,train,val
DTXSID3022370,train,train
DTXSID2022381,train,train
DTXSID7022382,test,train
DTXSID7022384,train,train
DTXSID6022391,train,test
DTXSID6022393,train,val
DTXSID1022394,train,train
DTXSID1022396,train,train
DTXSID6022399,val,train
DTXSID3022401,train,test
DTXSID3022403,train,train
DTXSID8022404,train,train
DTXSID3022405,train,test
DTXSID8022406,train,train
DTXSID8022408,train,train
DTXSID3022409,train,train
DTXSID7022411,train,train
DTXSID7022413,train,test
DTXSID7022415,train,train
DTXSID7022417,train,train
DTXSID1022421,train,val
DTXSID6022422,train,train
DTXSID1022425,train,train
DTXSID0022432,test,train
DTXSID0022436,train,val
DTXSID5022437,val,train
DTXSID5022439,train,val
DTXSID4022442,train,test
DTXSID9022445,train,train
DTXSID4022446,train,test
DTXSID4022448,train,train
DTXSID3022455,train,test
DTXSID6022472,train,test
DTXSID6022474,train,val
DTXSID1022479,train,test
DTXSID0022480,train,train
DTXSID5022481,train,train
DTXSID5022485,train,train
DTXSID5022489,train,test
DTXSID1022508,train,test
DTXSID5022510,train,train
DTXSID0022519,train,train
DTXSID9022520,train,train
DTXSID9022522,train,train
DTXSID4022523,train,train
DTXSID9022524,test,val
DTXSID4022525,train,train
DTXSID9022526,train,val
DTXSID4022527,train,train
DTXSID9022528,train,train
DTXSID4022529,train,train
DTXSID3022536,train,train
DTXSID7022540,val,test
DTXSID2022541,train,val
DTXSID2022543,train,train
DTXSID7022544,train,test
DTXSID7022546,train,train
DTXSID2022549,train,train
DTXSID6022553,train,test
DTXSID6022555,val,train
DTXSID1022556,train,train
DTXSID6022557,train,test
DTXSID1022558,train,test
DTXSID6022559,train,train
DTXSID5022560,train,train
DTXSID5022562,train,train
DTXSID0022563,train,train
DTXSID0022565,test,train
DTXSID0022569,train,val
DTXSID4022571,train,train
DTXSID4022573,test,train
DTXSID9022574,train,val
DTXSID9022576,val,test
DTXSID4022577,train,train
DTXSID9022578,train,train
DTXSID4022579,train,test
DTXSID3022582,test,val
DTXSID3022584,test,val
DTXSID8022585,train,train
DTXSID3022586,train,test
DTXSID3022588,train,val
DTXSID8022589,val,train
DTXSID7022590,train,train
DTXSID7022592,train,train
DTXSID2022593,train,test
DTXSID2022595,val,train
DTXSID7022598,val,train
DTXSID9022601,test,train
DTXSID9022603,test,train
DTXSID9022607,val,train
DTXSID9022609,train,train
DTXSID3022611,train,train
DTXSID8022612,val,train
DTXSID8022614,test,train
DTXSID3022617,test,train
DTXSID2022624,val,train
DTXSID2022626,test,train
DTXSID2022628,train,val
DTXSID7022629,test,val
DTXSID6022630,test,train
DTXSID6022632,train,train
DTXSID1022635,val,train
DTXSID6022636,train,test
DTXSID0022640,test,train
DTXSID5022641,train,train
DTXSID0022644,train,test
DTXSID5022647,train,val
DTXSID5022649,train,train
DTXSID4022652,train,train
DTXSID9022655,train,train
DTXSID4022658,val,train
DTXSID9022659,val,train
DTXSID3022663,test,test
DTXSID8022666,train,train
DTXSID7022671,train,train
DTXSID2022672,train,train
DTXSID7022673,train,train
DTXSID2022674,test,train
DTXSID2022676,train,train
DTXSID2022678,val,train
DTXSID7022679,test,train
DTXSID1022681,val,train
DTXSID6022684,val,train
DTXSID1022685,train,train
DTXSID0022690,train,test
DTXSID0022692,val,train
DTXSID5022699,train,train
DTXSID2022707,test,train
DTXSID1022718,train,train
DTXSID6022719,train,train
DTXSID0022721,train,train
DTXSID5022722,train,val
DTXSID5022724,test,train
DTXSID0022725,val,train
DTXSID0022727,test,test
DTXSID9022730,train,train
DTXSID4022731,val,train
DTXSID9022732,val,train
DTXSID9022734,train,train
DTXSID4022735,train,train
DTXSID9022736,val,test
DTXSID9022738,train,train
DTXSID8022741,train,train
DTXSID3022742,test,test
DTXSID8022743,train,val
DTXSID3022748,train,train
DTXSID8022749,train,test
DTXSID2022751,train,train
DTXSID7022752,test,train
DTXSID2022753,train,train
DTXSID7022754,val,train
DTXSID1022760,train,test
DTXSID1022762,test,train
DTXSID1022764,val,train
DTXSID1022766,train,train
DTXSID1022768,val,train
DTXSID5022774,val,train
DTXSID0022777,train,test
DTXSID9022780,train,train
DTXSID9022782,val,train
DTXSID4022783,val,test
DTXSID4022785,val,test
DTXSID4022789,train,val
DTXSID3022796,train,val
DTXSID3022798,val,train
DTXSID0022800,val,val
DTXSID5022801,train,test
DTXSID5022803,train,test
DTXSID0022808,train,test
DTXSID4022810,test,train
DTXSID4022812,val,train
DTXSID9022813,train,val
DTXSID4022814,train,train
DTXSID9022815,train,train
DTXSID4022816,train,train
DTXSID9022817,test,val
DTXSID3022821,val,train
DTXSID8022822,test,train
DTXSID3022825,val,val
DTXSID8022828,train,train
DTXSID3022829,train,train
DTXSID7022833,train,train
DTXSID7022835,test,train
DTXSID7022837,train,train
DTXSID7022839,test,train
DTXSID6022842,train,train
DTXSID6022844,train,train
DTXSID6022846,train,test
DTXSID1022847,test,val
DTXSID5022851,val,train
DTXSID5022855,test,train
DTXSID5022857,val,train
DTXSID0022858,val,train
DTXSID9022861,test,train
DTXSID4022862,test,val
DTXSID4022866,test,val
DTXSID4022868,val,test
DTXSID8022870,val,train
DTXSID3022871,test,train
DTXSID8022872,val,train
DTXSID3022873,val,train
DTXSID3022875,train,train
DTXSID3022877,train,train
DTXSID2022880,test,test
DTXSID7022883,train,train
DTXSID2022886,train,train
DTXSID2022888,test,train
DTXSID6022892,test,train
DTXSID6022894,train,train
DTXSID1022897,train,val
DTXSID6022898,test,train
DTXSID8022901,train,train
DTXSID3022906,train,train
DTXSID7022910,train,train
DTXSID7022912,train,train
DTXSID7022914,val,val
DTXSID2022915,train,train
DTXSID7022918,train,train
DTXSID1022922,train,train
DTXSID1022926,train,train
DTXSID6022927,val,train
DTXSID5022932,train,test
DTXSID0022933,train,train
DTXSID5022934,train,train
DTXSID0022935,train,train
DTXSID5022938,val,train
DTXSID9022940,test,train
DTXSID4022941,val,test
DTXSID9022944,val,train
DTXSID9022946,train,val
DTXSID4022947,train,train
DTXSID9022948,val,train
DTXSID3022950,test,train
DTXSID8022955,test,train
DTXSID3022958,train,train
DTXSID8022959,train,train
DTXSID2022967,train,train
DTXSID7022968,val,train
DTXSID6022973,val,train
DTXSID1022974,train,train
DTXSID6022975,train,train
DTXSID6022977,train,train
DTXSID1022978,train,val
DTXSID5022982,train,train
DTXSID5022984,val,test
DTXSID5022986,train,train
DTXSID4022991,train,val
DTXSID4022993,train,train
DTXSID9022994,train,train
DTXSID9022998,test,train
DTXSID4022999,val,train
DTXSID8023000,train,train
DTXSID3023001,train,train
DTXSID8023004,train,train
DTXSID3023005,val,train
DTXSID3023007,train,train
DTXSID7023011,train,train
DTXSID2023016,train,val
DTXSID7023019,train,train
DTXSID6023020,val,train
DTXSID1023021,train,train
DTXSID6023024,train,test
DTXSID1023027,train,train
DTXSID6023028,train,val
DTXSID0023030,val,train
DTXSID5023031,train,train
DTXSID0023032,val,test
DTXSID5023033,train,train
DTXSID5023035,val,val
DTXSID0023036,train,train
DTXSID5023037,test,train
DTXSID0023038,train,train
DTXSID5023039,train,test
DTXSID9023041,train,train
DTXSID4023042,train,val
DTXSID9023043,train,val
DTXSID4023044,train,test
DTXSID9023049,train,train
DTXSID8023050,test,val
DTXSID3023051,train,train
DTXSID3023057,train,test
DTXSID3023059,val,train
DTXSID7023061,train,train
DTXSID7023063,train,train
DTXSID2023064,val,train
DTXSID2023068,train,train
DTXSID1023071,train,val
DTXSID6023076,train,test
DTXSID6023078,train,test
DTXSID5023081,train,train
DTXSID0023084,val,train
DTXSID5023085,train,train
DTXSID5023089,train,test
DTXSID4023094,train,train
DTXSID9023095,val,train
DTXSID4023096,val,train
DTXSID9023097,test,train
DTXSID6023101,train,val
DTXSID1023102,val,test
DTXSID6023103,train,train
DTXSID6023109,test,test
DTXSID5023110,test,train
DTXSID0023113,train,train
DTXSID5023114,train,test
DTXSID9023122,test,train
DTXSID4023123,test,train
DTXSID4023125,train,train
DTXSID9023128,train,train
DTXSID3023132,train,train
DTXSID8023137,train,train
DTXSID2023143,test,train
DTXSID2023145,val,train
DTXSID7023146,train,train
DTXSID2023149,train,train
DTXSID1023150,train,train
DTXSID6023153,test,train
DTXSID6023155,train,train
DTXSID6023157,train,test
DTXSID1023158,train,train
DTXSID6023159,train,val
DTXSID0023163,train,train
DTXSID5023166,val,train
DTXSID0023169,test,train
DTXSID9023170,train,train
DTXSID4023171,test,train
DTXSID9023174,train,train
DTXSID4023175,train,test
DTXSID9023176,train,train
DTXSID4023179,test,train
DTXSID3023180,test,train
DTXSID8023181,test,train
DTXSID8023183,val,train
DTXSID8023185,train,train
DTXSID8023187,test,train
DTXSID3023188,val,train
DTXSID7023190,test,train
DTXSID2023193,val,train
DTXSID7023194,test,test
DTXSID2023195,val,train
DTXSID7023196,train,val
DTXSID2023197,train,test
DTXSID7023198,train,train
DTXSID4023200,train,test
DTXSID9023201,test,train
DTXSID4023202,test,train
DTXSID9023205,train,train
DTXSID9023209,train,train
DTXSID8023214,train,train
DTXSID8023216,train,val
DTXSID3023219,val,train
DTXSID2023222,train,train
DTXSID2023224,train,train
DTXSID7023225,train,train
DTXSID7023227,test,train
DTXSID1023231,train,test
DTXSID6023232,train,train
DTXSID1023235,train,train
DTXSID0023240,train,test
DTXSID5023243,train,val
DTXSID0023244,train,val
DTXSID5023247,train,train
DTXSID4023252,val,train
DTXSID4023254,train,train
DTXSID9023255,val,train
DTXSID4023258,train,train
DTXSID8023260,train,train
DTXSID3023261,train,train
DTXSID8023262,val,train
DTXSID3023265,train,train
DTXSID3023269,val,train
DTXSID2023270,train,train
DTXSID7023271,train,val
DTXSID2023276,train,train
DTXSID7023277,val,train
DTXSID7023279,train,train
DTXSID6023280,train,train
DTXSID1023281,test,train
DTXSID1023283,train,train
DTXSID6023286,train,train
DTXSID0023292,train,train
DTXSID5023293,val,train
DTXSID0023294,train,val
DTXSID0023296,val,test
DTXSID0023298,test,val
DTXSID7023300,train,test
DTXSID7023302,train,train
DTXSID2023303,train,train
DTXSID2023307,train,test
DTXSID1023310,val,train
DTXSID6023313,train,test
DTXSID1023314,test,train
DTXSID6023315,train,test
DTXSID1023316,val,val
DTXSID6023317,val,train
DTXSID6023319,train,val
DTXSID5023322,test,train
DTXSID0023323,train,train
DTXSID5023324,test,val
DTXSID0023325,test,train
DTXSID0023329,train,test
DTXSID4023333,test,train
DTXSID3023340,test,train
DTXSID3023342,train,val
DTXSID8023345,test,train
DTXSID8023347,test,train
DTXSID8023349,train,train
DTXSID7023350,train,train
DTXSID7023352,train,train
DTXSID2023353,val,val
DTXSID7023356,test,train
DTXSID1023362,test,train
DTXSID6023363,test,train
DTXSID1023364,test,test
DTXSID6023365,test,val
DTXSID6023367,train,val
DTXSID1023368,train,val
DTXSID6023369,train,train
DTXSID5023370,train,test
DTXSID0023371,train,train
DTXSID5023372,train,train
DTXSID0023373,train,train
DTXSID5023376,train,train
DTXSID0023377,test,train
DTXSID5023378,train,train
DTXSID9023380,train,val
DTXSID4023381,train,val
DTXSID4023385,val,val
DTXSID9023386,test,test
DTXSID4023387,train,train
DTXSID9023388,val,train
DTXSID8023393,test,val
DTXSID8023395,train,val
DTXSID3023398,train,train
DTXSID9023411,val,train
DTXSID9023413,test,test
DTXSID4023414,train,train
DTXSID9023415,test,train
DTXSID4023416,train,test
DTXSID9023419,train,train
DTXSID8023422,train,train
DTXSID3023425,test,train
DTXSID8023426,train,train
DTXSID3023427,test,train
DTXSID2023430,train,test
DTXSID2023434,train,val
DTXSID7023435,train,train
DTXSID2023436,test,train
DTXSID7023437,train,train
DTXSID6023440,test,train
DTXSID1023441,train,train
DTXSID6023442,train,test
DTXSID5023453,train,train
DTXSID4023460,val,train
DTXSID4023462,test,train
DTXSID9023463,train,val
DTXSID8023470,val,test
DTXSID3023471,val,train
DTXSID8023472,train,train
DTXSID8023474,test,test
DTXSID8023476,train,test
DTXSID8023478,test,train
DTXSID3023479,test,test
DTXSID2023480,val,test
DTXSID7023481,train,val
DTXSID7023485,train,train
DTXSID7023487,test,train
DTXSID2023488,test,test
DTXSID6023490,val,test
DTXSID6023492,val,test
DTXSID1023495,train,train
DTXSID6023496,test,val
DTXSID1023497,val,train
DTXSID3023502,train,test
DTXSID3023508,val,train
DTXSID7023510,test,test
DTXSID7023512,train,train
DTXSID7023516,train,train
DTXSID2023519,val,train
DTXSID6023523,train,train
DTXSID1023526,train,train
DTXSID6023529,train,val
DTXSID5023532,val,train
DTXSID0023533,test,train
DTXSID5023536,train,train
DTXSID9023540,train,train
DTXSID4023541,train,train
DTXSID4023545,val,val
DTXSID9023546,val,test
DTXSID9023548,test,test
DTXSID4023549,train,train
DTXSID3023550,val,train
DTXSID8023551,val,val
DTXSID3023552,test,test
DTXSID3023554,test,test
DTXSID3023556,train,train
DTXSID8023557,test,train
DTXSID2023565,test,train
DTXSID7023566,test,train
DTXSID2023567,val,train
DTXSID7023568,test,train
DTXSID2023569,test,train
DTXSID6023571,val,train
DTXSID1023572,train,test
DTXSID1023576,test,test
DTXSID0023581,train,test
DTXSID5023582,train,train
DTXSID5023584,test,train
DTXSID5023586,train,train
DTXSID0023587,val,train
DTXSID9023590,train,train
DTXSID4023591,val,train
DTXSID4023593,test,test
DTXSID4023595,test,train
DTXSID6023602,train,val
DTXSID1023603,train,train
DTXSID1023605,val,train
DTXSID1023607,train,train
DTXSID6023608,train,train
DTXSID1023609,train,test
DTXSID5023611,train,train
DTXSID0023612,train,val
DTXSID5023613,train,train
DTXSID5023615,train,train
DTXSID0023616,train,val
DTXSID0023618,test,train
DTXSID9023621,train,train
DTXSID4023622,train,train
DTXSID9023623,train,train
DTXSID4023624,train,test
DTXSID4023628,train,train
DTXSID9023629,train,val
DTXSID8023632,train,train
DTXSID8023636,val,test
DTXSID8023638,val,train
DTXSID2023640,train,train
DTXSID2023642,val,val
DTXSID7023643,train,train
DTXSID2023644,test,train
DTXSID6023650,train,train
DTXSID6023652,test,train
DTXSID6023656,train,train
DTXSID6023658,train,train
DTXSID0023660,train,train
DTXSID5023661,train,train
DTXSID5023665,train,train
DTXSID5023667,val,train
DTXSID5023669,val,test
DTXSID4023670,train,train
DTXSID4023672,test,train
DTXSID9023673,test,train
DTXSID4023674,val,val
DTXSID4023676,train,train
DTXSID9023677,test,val
DTXSID4023678,train,test
DTXSID9023679,val,test
DTXSID8023680,train,test
DTXSID3023681,val,val
DTXSID3023685,train,train
DTXSID3023687,train,train
DTXSID8023688,test,train
DTXSID2023690,val,train
DTXSID7023691,train,val
DTXSID2023692,val,train
DTXSID7023693,val,train
DTXSID7023697,test,train
DTXSID7023699,train,test
DTXSID4023701,train,train
DTXSID9023702,train,train
DTXSID9023706,test,train
DTXSID3023712,train,train
DTXSID8023713,val,train
DTXSID3023716,train,train
DTXSID8023719,test,train
DTXSID2023721,test,train
DTXSID7023722,train,train
DTXSID2023723,train,train
DTXSID7023724,test,train
DTXSID2023725,test,train
DTXSID2023729,train,train
DTXSID1023730,train,test
DTXSID6023733,train,train
DTXSID1023734,train,train
DTXSID6023735,test,train
DTXSID1023736,val,train
DTXSID6023737,train,train
DTXSID5023740,test,val
DTXSID5023742,train,train
DTXSID0023743,train,train
DTXSID5023744,train,train
DTXSID0023745,train,train
DTXSID5023746,val,train
DTXSID0023747,val,test
DTXSID5023748,test,train
DTXSID0023749,train,train
DTXSID9023752,test,train
DTXSID4023753,val,train
DTXSID9023756,test,train
DTXSID3023764,val,train
DTXSID2023771,train,train
DTXSID1023786,train,train
DTXSID5023792,train,train
DTXSID5023794,train,train
DTXSID5023796,test,train
DTXSID6023810,val,test
DTXSID1023815,train,train
DTXSID1023817,val,test
DTXSID1023819,test,train
DTXSID0023826,train,train
DTXSID9023835,test,test
DTXSID3023845,test,train
DTXSID8023846,train,train
DTXSID8023848,train,test
DTXSID6023862,train,train
DTXSID6023864,train,train
DTXSID6023868,val,train
DTXSID1023869,train,train
DTXSID0023870,train,val
DTXSID5023871,val,test
DTXSID0023878,train,train
DTXSID9023881,test,test
DTXSID9023889,test,train
DTXSID8023890,train,train
DTXSID3023897,val,train
DTXSID3023899,train,val
DTXSID5023900,train,train
DTXSID0023901,test,train
DTXSID5023902,val,train
DTXSID0023907,test,test
DTXSID5023908,test,train
DTXSID0023909,test,train
DTXSID9023914,train,train
DTXSID4023917,train,train
DTXSID8023927,train,train
DTXSID7023930,train,val
DTXSID7023932,train,train
DTXSID7023936,train,train
DTXSID2023937,train,train
DTXSID7023938,train,train
DTXSID6023947,train,train
DTXSID5023950,train,val
DTXSID0023951,test,train
DTXSID9023966,train,test
DTXSID8023971,train,train
DTXSID8023973,train,train
DTXSID3023974,train,val
DTXSID8023977,train,train
DTXSID7023980,train,train
DTXSID1023990,train,val
DTXSID6023997,train,train
DTXSID1023998,train,train
DTXSID6023999,train,train
DTXSID0024000,train,train
DTXSID0024002,train,val
DTXSID4024012,train,test
DTXSID4024014,train,train
DTXSID9024015,train,train
DTXSID4024018,train,train
DTXSID2024030,train,train
DTXSID7024035,train,train
DTXSID2024038,train,train
DTXSID1024045,train,train
DTXSID6024046,train,val
DTXSID6024048,test,train
DTXSID1024049,train,train
DTXSID5024051,train,val
DTXSID0024052,val,train
DTXSID5024055,train,train
DTXSID5024057,train,val
DTXSID4024062,train,train
DTXSID9024063,train,train
DTXSID4024064,train,train
DTXSID9024065,train,train
DTXSID4024066,train,train
DTXSID8024072,train,train
DTXSID3024077,val,train
DTXSID7024081,test,train
DTXSID7024085,train,train
DTXSID2024086,train,test
DTXSID7024087,train,train
DTXSID1024091,train,test
DTXSID1024097,train,train
DTXSID3024100,train,train
DTXSID8024101,train,train
DTXSID3024102,train,train
DTXSID3024104,val,train
DTXSID8024105,train,val
DTXSID8024107,test,train
DTXSID3024108,train,train
DTXSID8024109,train,train
DTXSID7024110,val,test
DTXSID7024112,train,train
DTXSID2024113,train,train
DTXSID6024123,train,train
DTXSID1024124,val,train
DTXSID1024126,test,train
DTXSID6024127,train,train
DTXSID1024128,train,train
DTXSID4024143,train,train
DTXSID4024145,val,train
DTXSID8024151,test,train
DTXSID3024152,test,train
DTXSID3024154,val,train
DTXSID8024157,train,train
DTXSID8024159,test,train
DTXSID7024160,train,train
DTXSID2024163,train,train
DTXSID7024164,test,train
DTXSID7024166,test,test
DTXSID1024170,train,train
DTXSID1024174,train,train
DTXSID6024175,train,train
DTXSID1024176,train,train
DTXSID6024177,train,val
DTXSID5024182,train,train
DTXSID0024183,train,train
DTXSID0024185,train,test
DTXSID4024193,train,val
DTXSID9024194,train,train
DTXSID4024195,train,test
DTXSID6024200,train,val
DTXSID6024204,val,test
DTXSID6024206,train,train
DTXSID1024209,train,test
DTXSID5024211,train,train
DTXSID0024216,train,train
DTXSID4024222,train,train
DTXSID8024234,val,train
DTXSID3024235,test,test
DTXSID8024238,train,train
DTXSID3024239,test,train
DTXSID7024241,train,train
DTXSID2024242,train,train
DTXSID7024245,train,train
DTXSID7024247,train,train
DTXSID6024254,train,train
DTXSID1024255,val,train
DTXSID1024259,train,train
DTXSID5024261,train,train
DTXSID0024266,train,test
DTXSID5024269,train,val
DTXSID4024270,test,train
DTXSID4024272,train,test
DTXSID4024274,train,train
DTXSID4024276,test,train
DTXSID8024280,train,train
DTXSID8024284,train,train
DTXSID8024286,test,train
DTXSID3024287,train,test
DTXSID3024289,train,train
DTXSID7024291,train,train
DTXSID7024299,test,train
DTXSID4024303,train,train
DTXSID9024304,val,train
DTXSID8024311,train,train
DTXSID8024315,train,train
DTXSID3024316,train,train
DTXSID8024317,train,train
DTXSID3024318,train,test
DTXSID7024320,train,train
DTXSID7024328,train,train
DTXSID6024337,train,train
DTXSID1024338,train,train
DTXSID0024341,train,test
DTXSID5024344,train,test
DTXSID0024345,train,train
DTXSID5024346,train,train
DTXSID4024359,train,train
DTXSID3024362,train,train
DTXSID3024366,train,train
DTXSID3024368,train,train
DTXSID7024370,train,train
DTXSID7024376,train,test
DTXSID5024392,train,val
DTXSID0024395,train,train
DTXSID0024397,train,val
DTXSID0024399,train,test
DTXSID7024409,train,train
DTXSID6024412,train,test
DTXSID1024413,train,test
DTXSID6024414,train,train
DTXSID9024431,train,test
DTXSID4024436,train,train
DTXSID9024437,train,train
DTXSID3024441,train,train
DTXSID8024442,train,test
DTXSID3024447,train,train
DTXSID8024448,train,val
DTXSID3024449,train,train
DTXSID2024452,train,train
DTXSID2024454,train,train
DTXSID7024455,train,val
DTXSID7024457,train,train
DTXSID2024458,train,test
DTXSID6024460,train,train
DTXSID6024462,train,train
DTXSID1024463,train,train
DTXSID1024465,train,train
DTXSID6024466,train,train
DTXSID1024467,train,val
DTXSID0024470,train,train
DTXSID5024471,train,train
DTXSID5024473,train,train
DTXSID0024474,train,train
DTXSID0024478,train,train
DTXSID5024479,train,val
DTXSID9024481,train,train
DTXSID9024483,train,train
DTXSID4024484,train,val
DTXSID9024485,train,val
DTXSID9024487,train,train
DTXSID4024488,train,train
DTXSID9024489,train,train
DTXSID3024491,train,test
DTXSID3024497,train,train
DTXSID8024498,train,train
DTXSID3024499,train,train
DTXSID5024500,train,val
DTXSID0024501,val,test
DTXSID0024503,train,val
DTXSID5024504,train,train
DTXSID0024505,train,test
DTXSID5024506,train,train
DTXSID0024507,train,train
DTXSID5024508,train,train
DTXSID0024509,train,train
DTXSID9024512,train,train
DTXSID8024521,train,train
DTXSID3024522,train,train
DTXSID8024523,val,train
DTXSID8024529,train,train
DTXSID7024538,val,train
DTXSID0024553,train,test
DTXSID5024554,val,val
DTXSID0024555,val,train
DTXSID0024559,train,train
DTXSID9024568,train,val
DTXSID8024573,train,train
DTXSID3024574,train,train
DTXSID7024580,train,val
DTXSID2024585,test,train
DTXSID7024586,train,train
DTXSID2024589,train,val
DTXSID6024591,test,train
DTXSID6024597,test,train
DTXSID1024598,train,train
DTXSID6024599,test,train
DTXSID8024600,train,train
DTXSID8024602,test,val
DTXSID8024608,test,test
DTXSID1024621,train,test
DTXSID6024622,test,train
DTXSID6024624,val,val
DTXSID1024625,val,train
DTXSID6024628,train,test
DTXSID1024629,train,val
DTXSID5024637,train,train
DTXSID0024638,train,train
DTXSID5024639,train,val
DTXSID4024640,train,test
DTXSID9024641,train,train
DTXSID4024642,train,train
DTXSID4024644,train,train
DTXSID4024646,train,train
DTXSID8024652,train,train
DTXSID3024657,train,test
DTXSID8024658,train,val
DTXSID3024659,train,train
DTXSID2024660,train,val
DTXSID7024661,train,train
DTXSID2024662,val,train
DTXSID2024664,train,train
DTXSID2024666,train,train
DTXSID7024667,test,train
DTXSID6024670,train,train
DTXSID6024674,train,val
DTXSID6024676,train,train
DTXSID5024681,train,train
DTXSID5024683,train,train
DTXSID5024687,train,val
DTXSID4024690,train,train
DTXSID9024691,train,train
DTXSID4024692,train,train
DTXSID4024696,train,train
DTXSID9024699,train,test
DTXSID1024702,train,val
DTXSID1024704,train,train
DTXSID5024710,train,train
DTXSID9024724,train,train
DTXSID4024729,train,val
DTXSID8024733,train,train
DTXSID3024736,train,train
DTXSID3024738,train,train
DTXSID8024739,test,train
DTXSID2024747,train,val
DTXSID0024761,train,train
DTXSID5024764,train,train
DTXSID9024770,train,train
DTXSID4024771,train,train
DTXSID9024772,train,val
DTXSID4024773,train,test
DTXSID9024774,train,val
DTXSID4024775,train,train
DTXSID8024781,train,test
DTXSID8024783,train,train
DTXSID3024786,test,train
DTXSID8024787,train,val
DTXSID2024791,train,val
DTXSID2024793,train,val
DTXSID2024797,train,train
DTXSID7024798,train,train
DTXSID2024799,train,val
DTXSID4024800,train,train
DTXSID8024810,train,train
DTXSID8024814,train,val
DTXSID3024815,train,train
DTXSID7024821,train,train
DTXSID2024822,train,val
DTXSID1024831,train,train
DTXSID6024832,train,train
DTXSID6024834,train,train
DTXSID6024836,train,train
DTXSID5024845,val,train
DTXSID9024855,train,train
DTXSID8024862,train,train
DTXSID8024864,train,val
DTXSID8024866,train,train
DTXSID3024869,train,train
DTXSID7024873,train,val
DTXSID7024875,val,val
DTXSID2024878,train,test
DTXSID6024880,val,train
DTXSID1024881,train,test
DTXSID6024882,val,test
DTXSID1024885,val,test
DTXSID6024886,train,test
DTXSID1024887,test,train
DTXSID6024888,train,val
DTXSID0024890,train,val
DTXSID7024902,test,train
DTXSID6024911,train,train
DTXSID1024912,train,train
DTXSID6024913,train,test
DTXSID6024915,train,train
DTXSID1024916,train,train
DTXSID6024917,train,val
DTXSID1024918,train,train
DTXSID0024921,train,val
DTXSID5024922,train,train
DTXSID0024923,train,train
DTXSID5024926,train,train
DTXSID9024930,train,train
DTXSID4024931,train,train
DTXSID9024934,test,test
DTXSID4024937,test,train
DTXSID3024940,train,train
DTXSID8024941,train,train
DTXSID3024942,train,test
DTXSID3024944,train,val
DTXSID8024947,train,train
DTXSID7024952,train,train
DTXSID2024953,train,train
DTXSID2024955,train,train
DTXSID7024956,train,train
DTXSID6024961,train,train
DTXSID6024965,train,train
DTXSID1024966,train,train
DTXSID6024967,train,train
DTXSID5024970,train,val
DTXSID0024971,train,train
DTXSID5024976,train,train
DTXSID0024977,train,train
DTXSID5024978,train,train
DTXSID0024979,train,train
DTXSID9024980,train,train
DTXSID4024981,train,train
DTXSID4024985,train,test
DTXSID9024986,train,train
DTXSID8024993,train,train
DTXSID8024997,train,train
DTXSID3024998,train,val
DTXSID8024999,train,train
DTXSID7025001,train,train
DTXSID7025003,train,train
DTXSID2025004,train,train
DTXSID7025005,train,train
DTXSID2025006,train,train
DTXSID6025010,train,train
DTXSID6025012,train,val
DTXSID1025013,train,train
DTXSID6025014,train,val
DTXSID1025017,test,train
DTXSID6025018,val,val
DTXSID5025021,val,train
DTXSID5025023,val,test
DTXSID9025035,train,test
DTXSID9025037,train,train
DTXSID8025040,train,train
DTXSID3025041,train,train
DTXSID3025045,train,train
DTXSID8025046,train,train
DTXSID3025047,train,train
DTXSID3025049,train,train
DTXSID2025050,train,test
DTXSID7025051,train,train
DTXSID7025053,train,train
DTXSID7025055,train,train
DTXSID2025058,train,train
DTXSID1025063,train,train
DTXSID6025064,train,train
DTXSID1025065,test,train
DTXSID6025068,train,train
DTXSID0025070,val,train
DTXSID0025074,train,train
DTXSID0025076,train,train
DTXSID0025078,train,train
DTXSID5025079,train,train
DTXSID4025080,train,train
DTXSID4025082,train,train
DTXSID9025085,train,train
DTXSID4025086,train,train
DTXSID3025093,train,val
DTXSID8025094,train,train
DTXSID8025096,train,train
DTXSID5025100,train,train
DTXSID0025101,train,train
DTXSID5025102,train,train
DTXSID9025110,train,train
DTXSID4025111,train,train
DTXSID9025112,train,test
DTXSID4025113,train,train
DTXSID9025114,train,train
DTXSID4025117,train,test
DTXSID3025122,train,train
DTXSID7025132,train,test
DTXSID2025133,train,train
DTXSID7025134,train,test
DTXSID2025135,train,train
DTXSID7025136,train,train
DTXSID2025137,train,train
DTXSID7025138,train,train
DTXSID2025139,train,train
DTXSID6025141,train,test
DTXSID6025143,train,train
DTXSID6025145,train,val
DTXSID1025148,train,train
DTXSID6025149,train,train
DTXSID5025150,train,test
DTXSID5025152,train,train
DTXSID5025156,train,train
DTXSID9025164,train,test
DTXSID4025165,train,test
DTXSID9025166,train,train
DTXSID4025167,train,train
DTXSID3025178,val,train
DTXSID7025180,train,train
DTXSID2025183,train,train
DTXSID2025185,train,train
DTXSID3025203,train,train
DTXSID3025209,val,train
DTXSID7025215,train,val
DTXSID7025217,train,train
DTXSID6025220,train,train
DTXSID1025221,train,test
DTXSID6025226,train,train
DTXSID5025231,train,train
DTXSID0025234,train,test
DTXSID5025237,train,train
DTXSID4025240,train,train
DTXSID4025242,train,train
DTXSID9025243,train,test
DTXSID9025245,train,val
DTXSID9025249,train,train
DTXSID3025253,val,train
DTXSID3025257,train,train
DTXSID8025258,test,val
DTXSID7025269,train,val
DTXSID1025271,train,train
DTXSID6025272,train,train
DTXSID6025276,train,train
DTXSID6025278,train,train
DTXSID1025279,train,train
DTXSID5025285,train,test
DTXSID0025286,train,train
DTXSID9025291,train,train
DTXSID4025292,train,train
DTXSID9025293,train,val
DTXSID4025296,train,train
DTXSID9025297,train,train
DTXSID4025298,train,test
DTXSID9025299,train,train
DTXSID1025300,train,train
DTXSID6025301,train,val
DTXSID1025302,train,train
DTXSID6025303,train,train
DTXSID1025304,train,train
DTXSID1025306,test,train
DTXSID6025307,train,train
DTXSID1025308,train,val
DTXSID6025309,train,train
DTXSID5025310,train,train
DTXSID5025312,train,train
DTXSID0025315,train,val
DTXSID5025318,train,test
DTXSID9025324,test,test
DTXSID9025328,train,train
DTXSID4025329,train,test
DTXSID3025330,train,test
DTXSID8025331,train,train
DTXSID3025332,train,val
DTXSID8025337,train,train
DTXSID3025338,train,train
DTXSID7025342,train,train
DTXSID2025345,train,train
DTXSID7025346,train,train
DTXSID2025347,train,val
DTXSID6025355,train,train
DTXSID0025361,train,test
DTXSID0025363,train,train
DTXSID5025364,train,train
DTXSID0025367,val,val
DTXSID9025370,train,train
DTXSID4025371,train,train
DTXSID7025390,train,train
DTXSID2025391,train,train
DTXSID2025395,train,train
DTXSID9025401,train,train
DTXSID4025402,train,test
DTXSID9025403,train,train
DTXSID4025404,train,train
DTXSID4025406,train,train
DTXSID9025409,val,train
DTXSID7025421,train,train
DTXSID2025422,train,train
DTXSID7025423,train,train
DTXSID7025427,train,train
DTXSID7025429,test,train
DTXSID1025431,train,train
DTXSID1025437,train,train
DTXSID6025438,train,train
DTXSID0025440,train,train
DTXSID5025447,train,train
DTXSID5025449,train,val
DTXSID9025453,train,train
DTXSID4025454,train,train
DTXSID9025455,train,train
DTXSID3025461,train,train
DTXSID8025464,train,train
DTXSID3025465,train,train
DTXSID8025466,train,train
DTXSID3025469,train,val
DTXSID2025474,train,train
DTXSID2025478,train,train
DTXSID7025479,train,train
DTXSID6025480,train,val
DTXSID1025481,train,train
DTXSID1025483,train,val
DTXSID1025485,train,train
DTXSID5025491,train,train
DTXSID0025492,train,train
DTXSID0025494,train,train
DTXSID2025501,train,train
DTXSID7025502,train,val
DTXSID2025503,train,train
DTXSID2025505,train,test
DTXSID7025506,train,train
DTXSID7025508,val,train
DTXSID0025523,train,train
DTXSID0025527,train,train
DTXSID9025534,val,test
DTXSID9025536,test,val
DTXSID9025538,val,train
DTXSID3025540,train,train
DTXSID3025542,train,train
DTXSID3025548,test,train
DTXSID2025551,train,val
DTXSID7025556,train,train
DTXSID2025557,train,train
DTXSID7025558,train,train
DTXSID1025560,train,test
DTXSID6025565,train,train
DTXSID6025567,train,train
DTXSID6025569,train,train
DTXSID5025570,train,train
DTXSID0025571,train,val
DTXSID5025572,train,train
DTXSID5025574,train,test
DTXSID0025577,train,train
DTXSID9025580,train,train
DTXSID4025581,val,test
DTXSID4025587,train,val
DTXSID9025588,train,train
DTXSID3025590,train,train
DTXSID8025591,train,test
DTXSID8025593,train,train
DTXSID8025595,train,train
DTXSID8025599,train,val
DTXSID5025603,train,train
DTXSID0025604,train,train
DTXSID5025607,train,train
DTXSID5025609,train,val
DTXSID4025610,train,train
DTXSID9025611,train,train
DTXSID4025612,train,train
DTXSID9025617,train,train
DTXSID8025628,train,test
DTXSID3025629,train,train
DTXSID2025632,train,train
DTXSID7025633,train,train
DTXSID2025634,train,train
DTXSID7025635,train,test
DTXSID7025637,train,train
DTXSID7025639,train,train
DTXSID6025640,train,train
DTXSID1025641,train,train
DTXSID6025642,train,train
DTXSID1025649,train,val
DTXSID5025653,train,train
DTXSID0025654,train,train
DTXSID5025657,train,train
DTXSID5025659,train,val
DTXSID9025661,train,val
DTXSID4025662,train,train
DTXSID9025665,train,train
DTXSID4025668,train,train
DTXSID8025670,train,train
DTXSID3025671,train,train
DTXSID2025680,train,train
DTXSID2025688,train,train
DTXSID7025689,train,train
DTXSID6025690,train,train
DTXSID6025692,train,val
DTXSID1025693,train,val
DTXSID6025696,train,test
DTXSID8025703,train,train
DTXSID3025706,test,val
DTXSID2025715,train,train
DTXSID7025716,train,train
DTXSID1025722,train,train
DTXSID6025723,train,train
DTXSID1025724,train,train
DTXSID6025725,train,test
DTXSID1025726,train,test
DTXSID5025730,train,val
DTXSID5025732,train,test
DTXSID0025733,train,train
DTXSID0025737,train,train
DTXSID5025738,train,test
DTXSID9025740,train,test
DTXSID4025741,train,val
DTXSID9025742,train,train
DTXSID4025743,train,val
DTXSID9025744,train,test
DTXSID4025745,train,test
DTXSID9025746,train,train
DTXSID4025749,train,train
DTXSID8025751,train,test
DTXSID8025757,train,val
DTXSID3025758,train,train
DTXSID8025759,train,train
DTXSID2025761,train,val
DTXSID2025763,train,test
DTXSID7025764,train,train
DTXSID2025765,train,train
DTXSID7025768,train,val
DTXSID1025770,train,test
DTXSID1025774,test,test
DTXSID6025775,train,train
DTXSID1025776,train,val
DTXSID0025789,train,train
DTXSID4025791,train,train
DTXSID4025793,train,train
DTXSID9025794,train,train
DTXSID9025796,train,train
DTXSID6025804,train,train
DTXSID1025805,train,train
DTXSID1025807,train,test
DTXSID1025809,train,train
DTXSID5025811,train,train
DTXSID0025812,train,train
DTXSID0025814,train,train
DTXSID5025815,train,train
DTXSID0025816,train,train
DTXSID0025818,val,val
DTXSID5025819,val,train
DTXSID9025825,val,train
DTXSID8025830,train,test
DTXSID3025839,train,test
DTXSID2025840,train,train
DTXSID2025842,train,train
DTXSID2025846,train,train
DTXSID7025849,train,val
DTXSID6025850,train,train
DTXSID1025851,train,train
DTXSID1025853,train,train
DTXSID6025854,train,train
DTXSID1025857,test,train
DTXSID5025861,train,train
DTXSID0025862,train,train
DTXSID5025863,train,train
DTXSID0025864,train,train
DTXSID0025866,train,val
DTXSID9025873,train,test
DTXSID9025879,train,train
DTXSID8025886,train,train
DTXSID8025888,train,val
DTXSID3025889,train,train
DTXSID2025892,val,train
DTXSID2025896,train,test
DTXSID4025903,test,val
DTXSID7025922,val,train
DTXSID7025924,train,val
DTXSID2025925,train,train
DTXSID7025926,train,train
DTXSID1025930,train,test
DTXSID6025939,train,test
DTXSID8025963,train,test
DTXSID8025967,train,val
DTXSID8025969,test,test
DTXSID7025972,test,train
DTXSID2025975,val,val
DTXSID2025977,train,train
DTXSID6025983,train,train
DTXSID0025991,train,test
DTXSID0025997,train,val
DTXSID4026000,train,val
DTXSID8026018,test,train
DTXSID2026022,train,test
DTXSID7026029,test,test
DTXSID1026031,train,test
DTXSID1026033,train,val
DTXSID0026040,train,train
DTXSID0026044,train,val
DTXSID5026049,train,test
DTXSID9026053,train,train
DTXSID9026059,train,train
DTXSID8026060,train,val
DTXSID8026064,train,test
DTXSID3026065,train,val
DTXSID3026067,val,train
DTXSID8026068,train,val
DTXSID2026074,train,train
DTXSID6026080,train,val
DTXSID1026081,train,train
DTXSID6026082,train,val
DTXSID1026083,train,test
DTXSID6026084,train,train
DTXSID6026088,train,test
DTXSID1026089,train,val
DTXSID5026091,train,train
DTXSID5026097,train,train
DTXSID0026098,train,train
DTXSID2026101,train,train
DTXSID7026102,train,train
DTXSID2026107,train,test
DTXSID7026108,train,test
DTXSID1026112,val,train
DTXSID6026115,val,train
DTXSID1026118,train,val
DTXSID6026119,train,test
DTXSID5026120,train,val
DTXSID5026122,train,train
DTXSID0026125,train,train
DTXSID9026130,train,val
DTXSID9026132,train,train
DTXSID4026137,train,train
DTXSID4026139,val,train
DTXSID8026141,train,val
DTXSID8026145,train,val
DTXSID8026147,val,train
DTXSID3026148,val,test
DTXSID2026151,train,train
DTXSID7026156,train,train
DTXSID2026157,train,train
DTXSID6026161,train,train
DTXSID6026167,train,val
DTXSID6026169,train,train
DTXSID0026173,train,train
DTXSID5026174,train,train
DTXSID0026175,train,train
DTXSID4026181,train,train
DTXSID4026183,train,train
DTXSID3026190,train,train
DTXSID8026193,train,train
DTXSID8026195,train,train
DTXSID0026202,train,train
DTXSID5026203,train,train
DTXSID0026204,train,train
DTXSID5026205,train,train
DTXSID5026207,train,train
DTXSID0026208,train,train
DTXSID5026209,train,train
DTXSID4026212,train,train
DTXSID4026214,train,train
DTXSID8026220,train,train
DTXSID3026223,train,train
DTXSID8026224,train,train
DTXSID8026228,train,train
DTXSID7026231,train,test
DTXSID2026232,train,val
DTXSID7026235,train,train
DTXSID2026238,train,test
DTXSID6026240,train,test
DTXSID1026241,train,train
DTXSID5026251,test,train
DTXSID0026252,val,train
DTXSID0026258,train,test
DTXSID5026259,train,train
DTXSID9026261,train,train
DTXSID4026262,test,train
DTXSID9026265,train,test
DTXSID4026266,train,train
DTXSID4026268,train,train
DTXSID8026270,train,train
DTXSID3026275,train,test
DTXSID3026279,train,train
DTXSID7026285,train,test
DTXSID1026293,val,train
DTXSID6026294,train,train
DTXSID6026298,train,val
DTXSID8026303,train,train
DTXSID3026304,train,train
DTXSID3026306,train,test
DTXSID8026307,train,val
DTXSID3026308,train,train
DTXSID8026309,train,train
DTXSID7026314,val,train
DTXSID6026325,train,train
DTXSID0026339,train,train
DTXSID9026342,train,test
DTXSID7026366,train,train
DTXSID0026418,train,val
DTXSID4026422,train,train
DTXSID9026423,train,train
DTXSID8026432,train,test
DTXSID8026436,train,train
DTXSID7026441,train,test
DTXSID2026444,train,train
DTXSID2026446,train,test
DTXSID2026448,train,train
DTXSID6026450,train,train
DTXSID1026457,train,train
DTXSID5026461,train,test
DTXSID4026472,train,train
DTXSID8026488,val,train
DTXSID2026494,val,test
DTXSID2026496,train,test
DTXSID7026499,train,val
DTXSID9026500,train,test
DTXSID4026501,test,train
DTXSID4026505,test,train
DTXSID3026512,train,train
DTXSID8026513,train,val
DTXSID3026514,train,train
DTXSID8026515,test,test
DTXSID3026516,test,train
DTXSID8026519,train,test
DTXSID7026520,train,test
DTXSID2026523,train,val
DTXSID2026525,train,train
DTXSID7026526,train,train
DTXSID2026527,train,train
DTXSID7026528,train,val
DTXSID2026529,train,train
DTXSID6026535,train,train
DTXSID1026536,val,train
DTXSID5026544,val,train
DTXSID0026547,train,val
DTXSID5026548,train,train
DTXSID0026549,train,train
DTXSID4026557,train,train
DTXSID9026558,train,train
DTXSID3026560,train,train
DTXSID3026562,train,val
DTXSID8026563,train,train
DTXSID3026564,train,train
DTXSID3026566,train,train
DTXSID7026572,train,train
DTXSID2026573,test,test
DTXSID2026600,train,test
DTXSID2026602,train,train
DTXSID7026605,train,train
DTXSID2026606,val,train
DTXSID2026608,train,train
DTXSID7026609,train,train
DTXSID6026612,train,train
DTXSID1026615,train,train
DTXSID1026619,train,train
DTXSID5026623,train,test
DTXSID5026625,train,train
DTXSID9026631,train,test
DTXSID9026633,train,train
DTXSID8026640,train,val
DTXSID3026641,train,test
DTXSID3026645,train,train
DTXSID3026647,train,train
DTXSID2026652,train,train
DTXSID7026653,train,train
DTXSID7026655,train,train
DTXSID1026661,train,val
DTXSID6026664,train,train
DTXSID1026665,train,val
DTXSID1026667,train,train
DTXSID0026676,train,train
DTXSID4026684,train,test
DTXSID9026689,train,val
DTXSID3026691,train,test
DTXSID8026694,train,train
DTXSID3026697,train,train
DTXSID8026698,val,train
DTXSID0026701,train,train
DTXSID5026702,train,train
DTXSID5026706,val,train
DTXSID9026710,train,val
DTXSID4026711,train,train
DTXSID9026712,train,val
DTXSID4026713,train,train
DTXSID9026714,train,train
DTXSID4026715,train,train
DTXSID9026716,train,train
DTXSID9026718,train,val
DTXSID3026724,train,train
DTXSID8026725,train,train
DTXSID3026726,train,train
DTXSID8026727,train,train
DTXSID8026729,train,train
DTXSID2026739,train,train
DTXSID1026740,train,train
DTXSID4026765,train,train
DTXSID9026766,train,train
DTXSID4026769,train,train
DTXSID8026773,train,train
DTXSID8026775,train,train
DTXSID2026781,train,train
DTXSID2026783,train,train
DTXSID2026789,train,val
DTXSID1026796,train,train
DTXSID6026797,train,train
DTXSID6026799,train,test
DTXSID8026802,train,train
DTXSID7026811,train,train
DTXSID6026824,train,train
DTXSID0026830,train,val
DTXSID5026837,train,train
DTXSID0026838,train,test
DTXSID9026841,train,train
DTXSID4026842,train,train
DTXSID9026849,train,train
DTXSID3026851,train,train
DTXSID7026863,train,train
DTXSID2026864,train,train
DTXSID7026867,train,train
DTXSID6026872,train,train
DTXSID6026878,train,train
DTXSID1026879,train,val
DTXSID0026880,train,train
DTXSID5026881,train,val
DTXSID0026882,train,train
DTXSID0026888,test,train
DTXSID5026889,train,train
DTXSID4026894,train,train
DTXSID9026899,train,train
DTXSID1026900,train,val
DTXSID6026901,train,train
DTXSID1026902,train,train
DTXSID1026904,train,val
DTXSID6026905,train,train
DTXSID1026906,train,train
DTXSID1026908,train,test
DTXSID5026912,train,train
DTXSID0026913,train,train
DTXSID5026914,train,train
DTXSID0026915,train,train
DTXSID5026918,train,test
DTXSID4026921,train,train
DTXSID9026922,train,train
DTXSID9026924,train,train
DTXSID9026926,train,train
DTXSID4026927,train,train
DTXSID8026931,train,train
DTXSID3026932,train,train
DTXSID8026933,train,test
DTXSID8026935,train,train
DTXSID2026941,val,train
DTXSID2026943,train,train
DTXSID7026946,train,train
DTXSID1026954,train,train
DTXSID6026955,test,train
DTXSID0026961,train,train
DTXSID0026967,val,test
DTXSID9026974,train,train
DTXSID4026975,train,train
DTXSID4026979,train,train
DTXSID8026981,train,val
DTXSID3026984,train,train
DTXSID2026991,train,train
DTXSID7026994,train,train
DTXSID2026997,train,train
DTXSID7026998,train,test
DTXSID1027007,train,train
DTXSID0027014,train,val
DTXSID5027019,train,train
DTXSID9027021,train,train
DTXSID8027032,train,train
DTXSID8027034,train,test
DTXSID8027036,train,train
DTXSID3027037,val,train
DTXSID3027039,train,train
DTXSID7027041,train,train
DTXSID7027047,train,train
DTXSID2027048,train,train
DTXSID7027049,val,train
DTXSID6027052,train,train
DTXSID5027061,train,train
DTXSID0027066,train,train
DTXSID5027069,train,train
DTXSID8027084,train,train
DTXSID3027085,train,train
DTXSID8027086,train,train
DTXSID2027092,train,train
DTXSID2027094,train,train
DTXSID2027096,train,train
DTXSID2027098,train,train
DTXSID7027099,train,train
DTXSID4027103,train,train
DTXSID9027104,train,train
DTXSID4027109,train,train
DTXSID8027113,train,train
DTXSID3027116,val,train
DTXSID7027120,train,train
DTXSID7027122,train,val
DTXSID6027131,train,train
DTXSID6027133,train,val
DTXSID1027134,train,val
DTXSID6027137,train,train
DTXSID5027142,train,val
DTXSID0027143,train,train
DTXSID5027146,train,val
DTXSID5027148,train,train
DTXSID0027149,train,train
DTXSID4027153,train,train
DTXSID9027158,train,train
DTXSID4027159,val,val
DTXSID8027167,train,train
DTXSID8027169,train,train
DTXSID7027174,train,val
DTXSID2027175,val,test
DTXSID7027178,train,train
DTXSID6027181,train,train
DTXSID1027184,test,train
DTXSID6027185,val,val
DTXSID1027186,train,train
DTXSID1027188,train,train
DTXSID0027191,val,test
DTXSID0027195,train,train
DTXSID0027197,train,train
DTXSID5027198,train,train
DTXSID2027200,test,train
DTXSID7027201,train,train
DTXSID2027204,train,test
DTXSID7027205,val,train
DTXSID2027206,train,train
DTXSID1027211,train,val
DTXSID6027218,train,test
DTXSID0027222,test,train
DTXSID5027223,train,train
DTXSID5027227,train,val
DTXSID0027228,train,train
DTXSID9027233,train,train
DTXSID4027234,train,train
DTXSID4027236,train,test
DTXSID9027239,train,val
DTXSID8027240,train,train
DTXSID3027241,train,test
DTXSID8027244,train,test
DTXSID8027246,train,train
DTXSID3027247,train,val
DTXSID3027249,train,train
DTXSID2027254,train,train
DTXSID2027258,train,test
DTXSID7027259,train,train
DTXSID1027263,train,train
DTXSID1027265,train,val
DTXSID6027266,train,train
DTXSID1027267,train,train
DTXSID6027268,train,train
DTXSID1027269,train,train
DTXSID0027270,train,val
DTXSID4027280,train,train
DTXSID9027281,train,train
DTXSID4027282,train,train
DTXSID4027284,val,train
DTXSID4027286,train,val
DTXSID4027288,train,test
DTXSID3027291,train,test
DTXSID8027292,train,train
DTXSID3027293,train,train
DTXSID8027294,train,val
DTXSID3027295,train,val
DTXSID3027297,train,train
DTXSID5027300,train,train
DTXSID0027301,train,train
DTXSID5027302,train,train
DTXSID5027304,train,val
DTXSID5027308,train,train
DTXSID0027309,train,test
DTXSID9027312,train,train
DTXSID9027314,train,train
DTXSID4027319,train,val
DTXSID8027321,train,val
DTXSID3027322,test,test
DTXSID8027323,train,test
DTXSID3027328,train,train
DTXSID8027329,train,train
DTXSID2027333,train,train
DTXSID7027334,train,train
DTXSID7027338,train,train
DTXSID6027341,train,val
DTXSID6027343,train,train
DTXSID1027344,test,train
DTXSID6027345,test,train
DTXSID1027346,train,train
DTXSID5027352,train,train
DTXSID5027356,train,train
DTXSID9027360,train,train
DTXSID4027361,train,train
DTXSID9027364,train,train
DTXSID4027367,train,train
DTXSID9027368,train,train
DTXSID3027370,train,train
DTXSID7027386,train,train
DTXSID7027388,train,train
DTXSID6027397,train,train
DTXSID8027400,train,train
DTXSID3027401,train,val
DTXSID8027402,train,train
DTXSID3027403,train,test
DTXSID3027407,train,test
DTXSID2027412,train,train
DTXSID7027413,train,train
DTXSID2027414,train,test
DTXSID2027416,train,train
DTXSID2027418,train,train
DTXSID1027425,train,test
DTXSID1027427,train,val
DTXSID1027429,train,train
DTXSID0027432,train,val
DTXSID5027433,train,train
DTXSID0027436,train,train
DTXSID0027438,train,val
DTXSID9027441,train,train
DTXSID9027443,train,test
DTXSID9027449,train,train
DTXSID8027452,train,train
DTXSID8027454,train,train
DTXSID7027461,train,train
DTXSID2027466,test,train
DTXSID7027467,train,train
DTXSID1027471,train,train
DTXSID1027479,train,val
DTXSID0027486,train,test
DTXSID5027487,train,test
DTXSID5027489,train,train
DTXSID4027490,train,train
DTXSID4027494,train,train
DTXSID4027498,train,train
DTXSID1027500,train,train
DTXSID1027502,val,test
DTXSID6027503,train,val
DTXSID1027504,train,train
DTXSID1027506,train,train
DTXSID6027507,train,train
DTXSID6027509,train,train
DTXSID5027512,train,val
DTXSID0027513,train,val
DTXSID0027515,test,train
DTXSID5027518,train,train
DTXSID9027520,train,train
DTXSID4027521,train,train
DTXSID9027522,train,val
DTXSID4027527,train,train
DTXSID9027528,train,train
DTXSID4027529,train,test
DTXSID3027530,train,train
DTXSID3027534,train,train
DTXSID3027536,train,train
DTXSID8027537,train,train
DTXSID7027540,train,test
DTXSID7027542,train,train
DTXSID2027543,train,train
DTXSID7027544,train,test
DTXSID7027546,train,train
DTXSID6027551,train,train
DTXSID1027558,train,test
DTXSID0027561,train,train
DTXSID0027565,train,train
DTXSID0027567,train,train
DTXSID9027570,train,train
DTXSID4027577,train,train
DTXSID4027579,train,train
DTXSID3027580,train,train
DTXSID8027581,val,test
DTXSID3027584,val,train
DTXSID8027585,val,train
DTXSID3027586,train,test
DTXSID3027588,train,train
DTXSID8027589,train,train
DTXSID2027591,train,test
DTXSID2027593,train,val
DTXSID7027594,train,train
DTXSID2027595,train,train
DTXSID7027596,train,train
DTXSID7027598,train,test
DTXSID4027600,train,val
DTXSID9027603,train,test
DTXSID4027604,train,train
DTXSID4027608,train,train
DTXSID3027615,train,train
DTXSID3027617,test,train
DTXSID2027620,train,train
DTXSID2027624,train,train
DTXSID7027625,train,train
DTXSID1027633,test,train
DTXSID1027635,train,train
DTXSID6027636,train,train
DTXSID1027639,train,val
DTXSID0027640,train,train
DTXSID5027641,train,val
DTXSID5027647,train,train
DTXSID4027650,train,test
DTXSID4027652,train,val
DTXSID9027653,train,val
DTXSID4027656,train,train
DTXSID4027658,train,train
DTXSID6027713,train,test
DTXSID1027716,train,train
DTXSID0027721,val,train
DTXSID5027728,train,test
DTXSID8027747,train,train
DTXSID8027749,train,train
DTXSID7027756,train,train
DTXSID2027759,train,train
DTXSID1027764,train,train
DTXSID0027771,train,test
DTXSID5027772,train,train
DTXSID0027773,train,train
DTXSID4027781,val,train
DTXSID3027790,train,train
DTXSID3027792,train,test
DTXSID8027793,test,val
DTXSID8027795,train,train
DTXSID8027797,train,train
DTXSID3027798,train,train
DTXSID0027802,val,train
DTXSID5027803,train,train
DTXSID0027804,train,train
DTXSID5027805,train,train
DTXSID0027806,train,val
DTXSID8027822,train,train
DTXSID3027823,train,train
DTXSID8027826,test,train
DTXSID3027829,train,train
DTXSID2027830,train,test
DTXSID2027832,train,val
DTXSID7027833,train,val
DTXSID2027834,train,train
DTXSID2027886,train,test
DTXSID7027887,train,train
DTXSID1027899,train,train
DTXSID1027920,train,train
DTXSID1027924,train,train
DTXSID6027925,train,train
DTXSID1027928,train,test
DTXSID0027933,train,train
DTXSID8027959,train,train
DTXSID7027966,train,train
DTXSID1027970,train,train
DTXSID1027974,train,val
DTXSID6027975,train,train
DTXSID1027978,train,test
DTXSID0027981,test,train
DTXSID4027991,train,train
DTXSID4027997,train,val
DTXSID3028001,test,val
DTXSID3028005,train,test
DTXSID8028008,test,train
DTXSID2028010,train,train
DTXSID7028013,train,val
DTXSID2028016,train,train
DTXSID6028022,train,train
DTXSID6028028,train,test
DTXSID0028030,val,train
DTXSID0028038,train,train
DTXSID4028040,train,val
DTXSID5028114,train,train
DTXSID9028120,train,train
DTXSID7028300,train,test
DTXSID4028967,train,train
DTXSID2028985,test,train
DTXSID8029072,train,train
DTXSID8029105,train,train
DTXSID7029110,train,test
DTXSID2029117,test,train
DTXSID1029120,train,train
DTXSID6029121,test,train
DTXSID1029122,test,train
DTXSID1029124,train,train
DTXSID6029127,train,train
DTXSID1029128,train,train
DTXSID0029133,train,train
DTXSID5029136,train,train
DTXSID4029143,train,train
DTXSID4029145,train,train
DTXSID9029146,train,train
DTXSID4029149,train,train
DTXSID3029150,train,train
DTXSID3029152,train,train
DTXSID8029153,train,train
DTXSID3029154,train,train
DTXSID8029157,train,test
DTXSID3029158,train,train
DTXSID8029159,train,train
DTXSID7029160,train,val
DTXSID7029162,train,train
DTXSID7029164,train,val
DTXSID7029166,train,train
DTXSID2029167,train,test
DTXSID2029169,train,train
DTXSID1029170,train,test
DTXSID5029182,train,train
DTXSID5029184,train,train
DTXSID5029186,train,train
DTXSID0029187,train,train
DTXSID0029189,train,test
DTXSID9029192,train,train
DTXSID9029194,train,train
DTXSID4029195,train,train
DTXSID6029202,train,train
DTXSID1029203,train,train
DTXSID1029207,train,train
DTXSID0029210,train,train
DTXSID5029211,train,val
DTXSID5029217,train,test
DTXSID0029218,train,train
DTXSID4029220,train,train
DTXSID9029221,train,test
DTXSID9029223,train,train
DTXSID4029224,train,train
DTXSID8029230,train,train
DTXSID3029231,train,train
DTXSID3029233,test,test
DTXSID8029234,train,train
DTXSID3029235,train,train
DTXSID8029236,train,test
DTXSID2029240,train,test
DTXSID7029241,test,val
DTXSID2029242,train,test
DTXSID2029244,val,train
DTXSID2029246,train,train
DTXSID7029247,train,train
DTXSID7029249,train,train
DTXSID6029250,train,train
DTXSID1029251,train,val
DTXSID6029254,train,train
DTXSID0029260,train,train
DTXSID0029262,train,train
DTXSID5029263,train,val
DTXSID5029265,train,train
DTXSID5029267,train,test
DTXSID9029275,train,train
DTXSID9029277,train,train
DTXSID9029279,train,test
DTXSID8029280,test,train
DTXSID3029281,train,train
DTXSID8029282,train,train
DTXSID8029286,val,train
DTXSID3029287,val,train
DTXSID3029289,val,train
DTXSID2029298,train,test
DTXSID7029299,train,train
DTXSID9029302,train,train
DTXSID3029310,train,train
DTXSID3029312,train,train
DTXSID8029315,train,test
DTXSID8029317,train,train
DTXSID7029320,train,val
DTXSID2029325,train,train
DTXSID2029327,train,train
DTXSID6029331,val,train
DTXSID1029338,train,train
DTXSID4029353,train,train
DTXSID4029359,train,train
DTXSID3029362,train,test
DTXSID3029364,train,train
DTXSID7029534,train,train
DTXSID0029559,train,train
DTXSID3029572,val,val
DTXSID8029575,train,train
DTXSID8029600,train,train
DTXSID8029602,train,train
DTXSID8029604,train,train
DTXSID8029606,train,train
DTXSID3029607,train,train
DTXSID8029608,train,train
DTXSID7029611,test,test
DTXSID2029616,train,train
DTXSID6029626,train,train
DTXSID1029629,train,train
DTXSID9029649,train,train
DTXSID3029651,train,train
DTXSID8029652,train,train
DTXSID3029655,train,val
DTXSID7029661,train,val
DTXSID2029662,train,train
DTXSID7029665,train,train
DTXSID6029670,train,train
DTXSID5029762,train,train
DTXSID8029868,test,val
DTXSID3029869,test,train
DTXSID7029871,val,train
DTXSID2029874,train,val
DTXSID7029879,val,test
DTXSID1029889,val,train
DTXSID7029904,train,train
DTXSID1029910,train,train
DTXSID4030047,train,train
DTXSID9030048,train,test
DTXSID3030056,train,train
DTXSID7030060,train,train
DTXSID8030138,train,train
DTXSID0030162,train,train
DTXSID3030189,train,val
DTXSID7030197,train,train
DTXSID9030258,train,train
DTXSID7030307,train,test
DTXSID1030317,train,train
DTXSID4030336,train,val
DTXSID4030384,train,train
DTXSID8030423,val,train
DTXSID3030428,train,train
DTXSID7030432,val,train
DTXSID0030588,train,train
DTXSID1030604,train,train
DTXSID1030606,val,train
DTXSID6030607,train,test
DTXSID3030636,train,train
DTXSID2030695,train,train
DTXSID7030698,test,test
DTXSID9030707,test,train
DTXSID8030760,test,train
DTXSID8031077,val,train
DTXSID2031089,train,train
DTXSID5031131,train,train
DTXSID5031133,train,train
DTXSID5031210,train,train
DTXSID7031248,test,val
DTXSID7031290,test,test
DTXSID7031294,train,train
DTXSID4031356,train,val
DTXSID6031380,val,test
DTXSID7031458,train,test
DTXSID1031460,train,val
DTXSID6031461,train,train
DTXSID1031462,train,train
DTXSID3031492,train,train
DTXSID8031497,train,val
DTXSID3031521,train,train
DTXSID7031531,train,train
DTXSID4031566,train,test
DTXSID1031591,train,val
DTXSID8031603,train,train
DTXSID7031797,val,train
DTXSID9031800,test,test
DTXSID3031860,train,train
DTXSID3031862,train,test
DTXSID8031863,train,train
DTXSID3031864,train,test
DTXSID8031865,train,train
DTXSID2031956,train,train
DTXSID4031980,train,train
DTXSID7032004,train,test
DTXSID2032005,val,val
DTXSID5032020,train,train
DTXSID9032113,test,val
DTXSID3032129,train,test
DTXSID2032180,train,val
DTXSID6032192,val,train
DTXSID1032278,val,train
DTXSID1032303,train,val
DTXSID1032309,train,test
DTXSID5032315,train,train
DTXSID0032316,train,val
DTXSID9032327,train,val
DTXSID9032329,train,train
DTXSID3032337,train,val
DTXSID2032344,train,train
DTXSID7032345,test,val
DTXSID2032348,val,train
DTXSID6032352,train,train
DTXSID6032354,train,val
DTXSID1032355,val,val
DTXSID6032356,train,val
DTXSID6032358,train,val
DTXSID1032359,test,train
DTXSID5032361,train,train
DTXSID5032365,train,train
DTXSID4032372,test,train
DTXSID9032375,test,val
DTXSID4032376,train,val
DTXSID4032378,val,train
DTXSID9032379,train,test
DTXSID8032386,train,train
DTXSID3032389,train,test
DTXSID2032390,val,train
DTXSID2032392,test,train
DTXSID7032393,train,train
DTXSID2032398,test,train
DTXSID4032405,train,train
DTXSID9032406,train,train
DTXSID3032412,val,test
DTXSID3032416,train,train
DTXSID8032417,train,train
DTXSID7032424,val,test
DTXSID6032437,test,train
DTXSID5032442,test,train
DTXSID4032459,train,train
DTXSID3032464,train,train
DTXSID7032470,train,val
DTXSID7032474,val,train
DTXSID1032482,train,train
DTXSID1032484,train,train
DTXSID1032488,test,train
DTXSID0032493,val,train
DTXSID0032497,train,test
DTXSID5032498,train,train
DTXSID2032500,test,val
DTXSID1032511,test,test
DTXSID1032513,train,train
DTXSID6032514,train,train
DTXSID6032516,train,train
DTXSID6032518,val,train
DTXSID1032519,test,test
DTXSID0032520,val,train
DTXSID5032523,val,train
DTXSID5032525,train,train
DTXSID9032531,test,val
DTXSID4032532,val,test
DTXSID9032533,test,val
DTXSID9032535,val,val
DTXSID4032536,train,train
DTXSID9032537,train,train
DTXSID8032544,train,train
DTXSID3032547,test,val
DTXSID8032548,val,val
DTXSID3032549,test,test
DTXSID2032550,test,test
DTXSID7032551,train,val
DTXSID2032552,test,train
DTXSID7032553,train,train
DTXSID2032554,test,val
DTXSID7032555,test,train
DTXSID2032556,val,test
DTXSID2032558,train,train
DTXSID6032562,val,val
DTXSID1032569,train,train
DTXSID0032572,val,test
DTXSID5032573,val,train
DTXSID5032577,val,val
DTXSID0032578,train,train
DTXSID5032579,train,train
DTXSID4032580,test,test
DTXSID9032581,train,test
DTXSID9032589,val,train
DTXSID3032591,train,val
DTXSID5032600,val,train
DTXSID0032601,test,train
DTXSID0032605,train,train
DTXSID9032610,val,train
DTXSID4032611,train,val
DTXSID4032613,train,train
DTXSID9032614,train,train
DTXSID4032615,test,train
DTXSID4032619,train,train
DTXSID3032620,train,train
DTXSID3032622,val,train
DTXSID8032623,train,train
DTXSID3032624,train,train
DTXSID8032627,train,test
DTXSID3032628,train,train
DTXSID7032630,test,train
DTXSID2032631,test,val
DTXSID2032637,test,train
DTXSID7032638,val,val
DTXSID2032639,test,val
DTXSID1032640,test,train
DTXSID6032641,train,train
DTXSID6032645,val,train
DTXSID1032646,train,train
DTXSID6032647,train,val
DTXSID6032649,val,train
DTXSID0032651,test,train
DTXSID5032654,train,test
DTXSID0032655,val,train
DTXSID8032673,test,val
DTXSID8032675,train,train
DTXSID2032683,train,train
DTXSID7032688,train,test
DTXSID1032690,val,train
DTXSID3032751,test,train
DTXSID3032759,train,train
DTXSID0032811,train,train
DTXSID0032813,train,val
DTXSID3032832,train,train
DTXSID0032869,train,val
DTXSID9032878,train,train
DTXSID2032891,train,train
DTXSID4032954,train,train
DTXSID0032998,train,train
DTXSID9033008,train,val
DTXSID0033047,train,train
DTXSID9033058,val,train
DTXSID5033096,train,train
DTXSID5033098,train,val
DTXSID7033105,train,train
DTXSID1033161,train,train
DTXSID1033163,train,train
DTXSID5033179,train,train
DTXSID9033187,val,val
DTXSID6033241,train,train
DTXSID3033276,train,train
DTXSID3033307,train,train
DTXSID0033332,val,train
DTXSID0033334,test,test
DTXSID1033371,train,test
DTXSID5033389,train,train
DTXSID4033390,val,train
DTXSID6033401,val,train
DTXSID1033402,test,train
DTXSID8033433,test,train
DTXSID2033445,train,val
DTXSID2033447,train,val
DTXSID5033468,train,train
DTXSID0033469,test,train
DTXSID2033493,train,train
DTXSID8033512,train,train
DTXSID3033519,train,train
DTXSID6033538,test,test
DTXSID8033562,train,train
DTXSID8033564,val,train
DTXSID5033595,test,train
DTXSID8033649,train,train
DTXSID1033664,train,val
DTXSID0033673,train,test
DTXSID5033674,test,train
DTXSID5033701,train,train
DTXSID2033736,test,val
DTXSID0033754,train,train
DTXSID5033757,val,train
DTXSID8033803,train,test
DTXSID6033825,train,test
DTXSID5033836,train,train
DTXSID2033863,train,train
DTXSID1033876,train,train
DTXSID9033923,test,train
DTXSID0033960,test,test
DTXSID9033979,train,train
DTXSID3033989,val,train
DTXSID7034042,train,train
DTXSID9034070,train,train
DTXSID8034085,train,test
DTXSID8034087,train,train
DTXSID8034089,val,train
DTXSID2034091,train,train
DTXSID2034095,train,train
DTXSID4034102,val,train
DTXSID3034113,test,val
DTXSID4034150,train,train
DTXSID3034165,val,train
DTXSID6034186,test,test
DTXSID0034192,train,val
DTXSID1034210,train,train
DTXSID1034212,val,train
DTXSID1034214,train,val
DTXSID0034223,test,train
DTXSID0034227,train,val
DTXSID0034229,train,train
DTXSID9034232,train,train
DTXSID7034250,train,train
DTXSID7034252,test,train
DTXSID2034255,train,train
DTXSID1034266,train,test
DTXSID5034270,test,train
DTXSID9034282,train,train
DTXSID9034286,train,train
DTXSID4034287,train,train
DTXSID0034300,train,train
DTXSID5034303,train,train
DTXSID8034324,train,train
DTXSID2034338,test,train
DTXSID5034355,train,train
DTXSID5034357,train,test
DTXSID9034361,test,train
DTXSID9034365,val,test
DTXSID7034383,test,train
DTXSID6034392,test,train
DTXSID8034401,test,train
DTXSID3034402,train,val
DTXSID3034456,test,train
DTXSID2034465,train,train
DTXSID9034490,train,train
DTXSID9034492,test,val
DTXSID4034497,val,train
DTXSID1034503,train,train
DTXSID0034518,val,train
DTXSID4034528,val,test
DTXSID3034531,train,train
DTXSID2034540,val,test
DTXSID7034545,val,train
DTXSID7034549,train,train
DTXSID4034576,train,test
DTXSID8034580,train,train
DTXSID3034583,train,train
DTXSID8034586,test,train
DTXSID8034588,test,train
DTXSID2034590,val,test
DTXSID4034601,val,train
DTXSID4034609,val,train
DTXSID3034612,train,train
DTXSID3034614,val,train
DTXSID3034618,val,train
DTXSID2034625,test,train
DTXSID2034627,train,train
DTXSID1034634,test,train
DTXSID4034653,train,test
DTXSID3034664,train,test
DTXSID8034665,train,val
DTXSID8034669,test,train
DTXSID2034673,train,test
DTXSID7034674,val,val
DTXSID7034676,train,train
DTXSID0034695,train,train
DTXSID5034698,train,train
DTXSID0034722,test,train
DTXSID5034723,test,test
DTXSID5034729,train,test
DTXSID6034764,val,train
DTXSID1034769,train,train
DTXSID5034773,train,val
DTXSID0034776,train,train
DTXSID8034792,val,train
DTXSID0034803,val,train
DTXSID9034816,train,train
DTXSID9034818,val,val
DTXSID1034844,train,test
DTXSID6034849,train,train
DTXSID9034864,val,test
DTXSID8034871,test,val
DTXSID3034872,val,train
DTXSID8034877,train,val
DTXSID2034881,test,val
DTXSID2034885,train,val
DTXSID6034928,test,train
DTXSID1034929,test,val
DTXSID0034930,test,train
DTXSID0034936,test,val
DTXSID4034948,train,train
DTXSID8034956,train,val
DTXSID3034957,train,train
DTXSID7034961,test,val
DTXSID2034962,test,train
DTXSID2034968,train,train
DTXSID6034972,train,train
DTXSID1034973,test,train
DTXSID5034981,train,test
DTXSID9034997,train,val
DTXSID8035001,train,train
DTXSID7035010,val,val
DTXSID6035106,train,train
DTXSID8035138,train,train
DTXSID6035152,train,train
DTXSID6035156,train,test
DTXSID0035160,train,test
DTXSID5035163,train,train
DTXSID9035175,val,train
DTXSID8035180,val,train
DTXSID8035186,train,val
DTXSID9035204,train,train
DTXSID9035206,train,train
DTXSID4035209,test,train
DTXSID3035214,train,test
DTXSID3035266,train,train
DTXSID7035272,train,train
DTXSID6035285,train,val
DTXSID1035288,train,train
DTXSID7035305,train,val
DTXSID3035341,train,val
DTXSID8035423,train,train
DTXSID2035481,train,val
DTXSID6035491,train,train
DTXSID4035542,train,train
DTXSID5035589,train,train
DTXSID4035592,train,train
DTXSID9035620,test,val
DTXSID0035748,val,train
DTXSID9035753,train,test
DTXSID6035784,train,train
DTXSID5035957,train,train
DTXSID3036105,train,test
DTXSID2036112,test,train
DTXSID9036226,train,train
DTXSID4036229,train,val
DTXSID3036286,train,train
DTXSID3036288,train,train
DTXSID2036299,train,train
DTXSID4036435,train,val
DTXSID9036438,train,val
DTXSID6036467,test,train
DTXSID3036496,train,train
DTXSID0036508,train,val
DTXSID4036514,train,train
DTXSID9036515,train,train
DTXSID1036541,train,val
DTXSID2036588,train,train
DTXSID9036646,train,val
DTXSID5036684,train,train
DTXSID9036690,train,train
DTXSID0036760,test,train
DTXSID3036999,val,train
DTXSID0037023,train,train
DTXSID9037038,train,train
DTXSID3037044,train,train
DTXSID6037069,train,train
DTXSID2037186,test,test
DTXSID1037197,train,train
DTXSID3037208,train,train
DTXSID0037231,train,train
DTXSID0037237,val,test
DTXSID3037250,train,test
DTXSID7037262,train,val
DTXSID1037303,train,train
DTXSID7037478,val,train
DTXSID0037493,train,train
DTXSID5037494,train,train
DTXSID0037495,train,val
DTXSID5037498,train,train
DTXSID2037508,train,train
DTXSID1037511,train,train
DTXSID1037515,train,train
DTXSID0037522,train,train
DTXSID5037523,train,val
DTXSID5037527,train,test
DTXSID9037539,test,train
DTXSID3037541,test,test
DTXSID3037545,train,train
DTXSID7037551,train,train
DTXSID7037553,train,test
DTXSID1037565,train,test
DTXSID0037570,train,train
DTXSID5037571,train,val
DTXSID0037576,train,train
DTXSID5037577,test,train
DTXSID5037579,train,train
DTXSID4037580,train,train
DTXSID4037582,train,train
DTXSID4037584,train,train
DTXSID8037594,train,train
DTXSID8037596,train,train
DTXSID9037612,val,train
DTXSID4037617,train,train
DTXSID3037626,train,test
DTXSID6037649,train,val
DTXSID7037680,train,train
DTXSID1037696,train,train
DTXSID6037697,train,train
DTXSID3037709,train,train
DTXSID2037712,train,train
DTXSID2037714,train,val
DTXSID7037715,train,train
DTXSID7037717,train,train
DTXSID6037728,train,train
DTXSID0037730,train,train
DTXSID5037731,val,val
DTXSID0037734,train,train
DTXSID5037739,train,train
DTXSID9037741,train,test
DTXSID9037745,train,val
DTXSID4037748,test,train
DTXSID9037749,train,train
DTXSID8037750,train,test
DTXSID8037752,test,test
DTXSID8037754,train,train
DTXSID8037756,train,train
DTXSID3037757,train,train
DTXSID1037806,train,train
DTXSID1038298,train,test
DTXSID7038317,train,val
DTXSID1038321,train,train
DTXSID1038666,train,val
DTXSID9038686,train,val
DTXSID3038694,val,train
DTXSID3038696,train,train
DTXSID0038700,train,train
DTXSID3038725,train,test
DTXSID2038732,train,val
DTXSID0038756,train,train
DTXSID4038762,train,train
DTXSID2038788,train,train
DTXSID1038795,train,train
DTXSID6038798,train,train
DTXSID3038800,train,train
DTXSID8038801,test,train
DTXSID3038808,val,train
DTXSID7038810,train,test
DTXSID2038813,train,test
DTXSID7038814,train,train
DTXSID7038818,train,test
DTXSID1038822,train,train
DTXSID1038824,train,val
DTXSID5038830,train,test
DTXSID0038831,train,train
DTXSID4038847,train,test
DTXSID3038852,test,val
DTXSID8038855,train,train
DTXSID8038857,val,train
DTXSID7038864,train,train
DTXSID6038875,train,train
DTXSID1038876,val,train
DTXSID6038877,val,train
DTXSID0038881,train,val
DTXSID5038888,val,train
DTXSID4038922,train,train
DTXSID4038924,train,train
DTXSID4038926,test,train
DTXSID3038939,train,train
DTXSID0039223,train,train
DTXSID5039224,train,train
DTXSID0039227,train,train
DTXSID4039231,train,train
DTXSID9039232,train,val
DTXSID4039233,train,test
DTXSID4039235,train,test
DTXSID9039238,train,train
DTXSID3039240,train,train
DTXSID8039241,train,train
DTXSID3039242,train,val
DTXSID4039657,train,test
DTXSID5039721,train,train
DTXSID9040001,train,train
DTXSID4040002,train,train
DTXSID1040110,train,train
DTXSID6040111,train,train
DTXSID1040112,train,train
DTXSID1040114,train,val
DTXSID6040115,train,train
DTXSID0040127,train,train
DTXSID0040129,test,test
DTXSID9040130,train,train
DTXSID9040134,val,train
DTXSID2040151,test,train
DTXSID7040152,test,train
DTXSID7040154,train,val
DTXSID0040208,test,train
DTXSID8040222,val,test
DTXSID2040234,val,train
DTXSID2040236,train,train
DTXSID1040243,train,train
DTXSID1040245,train,train
DTXSID6040246,train,train
DTXSID9040265,train,val
DTXSID4040266,train,train
DTXSID4040268,train,train
DTXSID9040269,train,train
DTXSID8040270,test,val
DTXSID3040271,train,val
DTXSID8040274,train,test
DTXSID8040278,train,train
DTXSID3040279,val,train
DTXSID7040283,train,train
DTXSID2040284,train,train
DTXSID7040285,train,train
DTXSID7040287,train,train
DTXSID7040289,train,train
DTXSID6040290,train,train
DTXSID6040296,train,test
DTXSID1040320,train,test
DTXSID1040324,train,train
DTXSID9040342,train,train
DTXSID4040343,train,train
DTXSID7040360,test,train
DTXSID7040362,train,train
DTXSID2040363,val,train
DTXSID6040371,train,train
DTXSID1040372,test,val
DTXSID4040395,train,train
DTXSID5040413,val,train
DTXSID8040436,val,train
DTXSID8040438,train,train
DTXSID1040459,val,test
DTXSID5040461,train,train
DTXSID0040464,val,val
DTXSID5040465,train,test
DTXSID4040476,val,train
DTXSID8040484,val,train
DTXSID9040502,val,train
DTXSID2040525,test,train
DTXSID7040526,train,test
DTXSID5040540,train,train
DTXSID0040547,test,train
DTXSID9040554,val,val
DTXSID2040579,test,val
DTXSID6040583,train,train
DTXSID0040599,train,val
DTXSID2040608,train,test
DTXSID7040609,train,train
DTXSID1040611,train,train
DTXSID1040617,test,test
DTXSID1040619,test,train
DTXSID0040620,test,train
DTXSID5040625,test,test
DTXSID9040635,val,train
DTXSID3040643,test,train
DTXSID7040651,test,train
DTXSID2040652,test,train
DTXSID7040653,train,train
DTXSID2040656,train,train
DTXSID7040657,val,train
DTXSID1040661,train,train
DTXSID6040662,test,val
DTXSID6040664,train,train
DTXSID6040666,test,train
DTXSID1040667,train,train
DTXSID6040668,test,val
DTXSID0040672,test,train
DTXSID0040674,train,train
DTXSID5040675,test,train
DTXSID0040676,test,val
DTXSID0040678,train,train
DTXSID5040679,train,val
DTXSID4040682,val,train
DTXSID9040683,train,train
DTXSID4040684,train,test
DTXSID9040685,test,train
DTXSID4040686,train,train
DTXSID9040687,val,test
DTXSID3040691,train,train
DTXSID3040693,train,test
DTXSID8040694,train,test
DTXSID3040697,train,train
DTXSID8040698,train,train
DTXSID3040699,train,train
DTXSID5040700,train,train
DTXSID0040701,train,val
DTXSID5040702,train,train
DTXSID0040703,train,train
DTXSID0040705,val,val
DTXSID0040707,train,test
DTXSID5040708,train,val
DTXSID9040710,train,train
DTXSID4040711,train,train
DTXSID9040712,train,train
DTXSID4040713,train,val
DTXSID9040714,train,val
DTXSID4040715,train,train
DTXSID9040716,train,train
DTXSID9040718,train,train
DTXSID4040719,train,train
DTXSID3040720,train,train
DTXSID8040721,val,train
DTXSID3040722,train,train
DTXSID8040723,train,train
DTXSID3040724,val,train
DTXSID8040725,train,train
DTXSID3040726,train,test
DTXSID8040727,test,val
DTXSID3040728,train,train
DTXSID2040731,train,train
DTXSID7040732,train,train
DTXSID7040734,train,test
DTXSID2040735,test,test
DTXSID7040736,val,train
DTXSID7040738,train,train
DTXSID2040739,val,test
DTXSID1040742,train,test
DTXSID6040745,train,train
DTXSID6040747,train,test
DTXSID5040750,train,train
DTXSID0040751,train,train
DTXSID0040757,test,train
DTXSID5040758,test,train
DTXSID9040760,val,train
DTXSID4040765,train,test
DTXSID4040767,train,train
DTXSID3040776,train,train
DTXSID7040788,train,train
DTXSID6040795,train,train
DTXSID2040945,train,train
DTXSID7040948,train,test
DTXSID0040965,test,train
DTXSID4040979,test,train
DTXSID3040980,test,train
DTXSID7040990,train,test
DTXSID9041021,train,train
DTXSID9041023,train,test
DTXSID8041032,val,test
DTXSID8041034,val,val
DTXSID7041045,test,train
DTXSID2041046,test,train
DTXSID7041047,val,train
DTXSID6041056,train,train
DTXSID4041070,val,train
DTXSID9041075,train,train
DTXSID8041080,train,train
DTXSID3041085,val,train
DTXSID7041091,test,val
DTXSID7041097,val,test
DTXSID9041104,train,train
DTXSID8041115,test,train
DTXSID8041117,val,train
DTXSID7041126,train,val
DTXSID1041132,val,test
DTXSID6041133,train,train
DTXSID6041137,train,train
DTXSID0041141,val,train
DTXSID5041148,train,train
DTXSID4041153,train,train
DTXSID7041178,test,train
DTXSID1041180,train,val
DTXSID6041185,train,train
DTXSID1041188,train,train
DTXSID5041190,train,train
DTXSID2041200,val,train
DTXSID2041206,test,test
DTXSID2041208,train,train
DTXSID7041209,train,train
DTXSID6041210,val,val
DTXSID1041217,train,train
DTXSID0041224,train,train
DTXSID4041230,train,test
DTXSID4041232,train,test
DTXSID4041234,train,val
DTXSID9041237,train,train
DTXSID4041238,train,train
DTXSID8041242,train,train
DTXSID8041246,train,train
DTXSID3041247,val,train
DTXSID8041248,train,test
DTXSID2041250,train,test
DTXSID2041252,train,val
DTXSID7041253,test,train
DTXSID2041256,train,train
DTXSID1041261,train,train
DTXSID1041263,train,train
DTXSID1041265,train,val
DTXSID1041267,train,test
DTXSID6041268,val,train
DTXSID1041269,test,val
DTXSID0041270,train,val
DTXSID5041273,train,train
DTXSID0041274,val,train
DTXSID5041275,train,train
DTXSID5041279,train,test
DTXSID4041280,train,train
DTXSID9041289,train,val
DTXSID3041293,train,test
DTXSID8041298,train,train
DTXSID3041299,train,train
DTXSID5041302,test,train
DTXSID5041306,train,test
DTXSID5041308,train,val
DTXSID4041317,train,train
DTXSID8041321,train,train
DTXSID8041327,train,train
DTXSID3041328,train,train
DTXSID8041329,train,train
DTXSID1041346,train,val
DTXSID6041347,train,train
DTXSID6041349,train,train
DTXSID0041357,train,train
DTXSID0041359,train,train
DTXSID4041361,train,train
DTXSID9041362,train,test
DTXSID4041363,train,train
DTXSID9041366,train,train
DTXSID4041367,train,train
DTXSID9041368,train,train
DTXSID3041370,train,train
DTXSID8041371,train,train
DTXSID3041372,train,test
DTXSID8041373,train,train
DTXSID3041376,train,train
DTXSID8041379,train,train
DTXSID7041388,train,train
DTXSID2041389,train,test
DTXSID1041396,train,val
DTXSID8041400,train,train
DTXSID3041403,train,train
DTXSID8041404,train,train
DTXSID3041405,train,train
DTXSID3041409,train,val
DTXSID7041411,train,train
DTXSID2041412,train,train
DTXSID2041416,train,train
DTXSID7041417,train,train
DTXSID2041418,train,train
DTXSID6041420,train,val
DTXSID1041421,train,train
DTXSID6041422,train,test
DTXSID1041423,train,test
DTXSID6041424,train,train
DTXSID1041425,train,val
DTXSID6041426,train,val
DTXSID5041431,train,train
DTXSID0041436,train,train
DTXSID5041437,train,val
DTXSID5041439,train,train
DTXSID4041440,train,train
DTXSID9041441,train,train
DTXSID4041442,train,train
DTXSID4041446,train,train
DTXSID3041451,train,train
DTXSID8041452,train,train
DTXSID2041460,train,val
DTXSID7041461,val,train
DTXSID2041464,train,val
DTXSID7041467,test,train
DTXSID2041468,train,val
DTXSID6041472,train,train
DTXSID0041484,train,train
DTXSID5041487,train,train
DTXSID4041490,train,train
DTXSID9041491,train,test
DTXSID4041492,train,val
DTXSID4041494,val,test
DTXSID1041502,train,test
DTXSID1041506,train,train
DTXSID6041507,train,train
DTXSID5041512,train,test
DTXSID0041513,train,train
DTXSID5041514,train,train
DTXSID5041516,train,train
DTXSID0041517,val,train
DTXSID5041518,train,train
DTXSID0041519,train,test
DTXSID4041521,train,train
DTXSID9041524,train,train
DTXSID4041527,val,train
DTXSID9041528,train,val
DTXSID4041529,train,train
DTXSID3041530,train,train
DTXSID7041540,train,train
DTXSID2041541,train,train
DTXSID7041544,train,train
DTXSID2041545,train,train
DTXSID2041547,train,val
DTXSID0041567,train,train
DTXSID4041573,train,train
DTXSID4041575,train,train
DTXSID3041580,train,val
DTXSID4041600,train,test
DTXSID4041604,train,val
DTXSID9041607,test,train
DTXSID8041610,train,test
DTXSID3041611,train,train
DTXSID3041613,train,test
DTXSID3041615,train,val
DTXSID3041617,train,val
DTXSID3041619,test,train
DTXSID7041621,val,train
DTXSID2041622,train,train
DTXSID7041623,train,train
DTXSID7041625,train,val
DTXSID2041626,train,train
DTXSID7041627,train,train
DTXSID7041629,val,val
DTXSID6041636,train,train
DTXSID6041638,train,train
DTXSID1041639,train,train
DTXSID5041641,train,train
DTXSID5041643,train,test
DTXSID0041646,train,val
DTXSID9041653,train,train
DTXSID4041654,train,test
DTXSID4041656,train,val
DTXSID9041659,train,train
DTXSID3041661,train,train
DTXSID3041663,val,test
DTXSID3041665,train,train
DTXSID8041668,train,train
DTXSID2041672,train,train
DTXSID7041675,train,train
DTXSID6041680,train,train
DTXSID1041681,val,test
DTXSID6041682,train,train
DTXSID1041683,train,train
DTXSID6041684,train,train
DTXSID6041688,train,train
DTXSID1041689,train,train
DTXSID5041691,train,test
DTXSID0041692,train,train
DTXSID5041697,train,val
DTXSID0041698,train,train
DTXSID5041699,train,train
DTXSID7041708,test,train
DTXSID2041709,train,train
DTXSID6041715,train,test
DTXSID6041719,train,train
DTXSID5041726,test,train
DTXSID5041728,test,train
DTXSID8041743,val,train
DTXSID7041752,val,train
DTXSID7041756,train,val
DTXSID2041759,train,train
DTXSID5041772,test,train
DTXSID5041774,train,test
DTXSID5041778,train,train
DTXSID4041783,train,train
DTXSID3041790,train,train
DTXSID8041793,train,train
DTXSID3041794,train,val
DTXSID8041797,train,train
DTXSID8041799,test,train
DTXSID9041813,train,val
DTXSID9041815,train,val
DTXSID4041818,train,train
DTXSID3041827,val,test
DTXSID8041828,train,train
DTXSID6041844,test,train
DTXSID1041847,train,test
DTXSID0041850,train,val
DTXSID5041851,train,train
DTXSID0041852,train,val
DTXSID9041861,train,train
DTXSID3041873,train,test
DTXSID3041877,train,train
DTXSID2041880,train,train
DTXSID7041883,train,train
DTXSID2041884,test,train
DTXSID2041886,val,val
DTXSID7041887,train,train
DTXSID7041889,train,train
DTXSID1041891,train,train
DTXSID6041892,train,train
DTXSID1041897,test,val
DTXSID7041910,val,train
DTXSID2041913,train,test
DTXSID7041914,train,train
DTXSID7041916,train,test
DTXSID2041917,train,train
DTXSID7041918,train,test
DTXSID1041920,train,train
DTXSID6041925,train,train
DTXSID6041927,train,test
DTXSID8041951,train,train
DTXSID3041954,train,train
DTXSID8041955,train,test
DTXSID8041957,train,train
DTXSID8041959,train,train
DTXSID7041962,train,train
DTXSID7041964,train,test
DTXSID7041966,train,train
DTXSID1041970,train,train
DTXSID6041973,train,train
DTXSID6041977,train,train
DTXSID1041978,val,val
DTXSID0041983,train,train
DTXSID0041985,train,train
DTXSID0041987,test,train
DTXSID4041995,test,train
DTXSID4041997,val,train
DTXSID2042014,train,train
DTXSID7042019,train,train
DTXSID0042038,train,train
DTXSID3042051,train,train
DTXSID8042052,test,train
DTXSID3042053,train,train
DTXSID3042059,train,train
DTXSID7042061,train,train
DTXSID2042062,train,test
DTXSID7042063,train,train
DTXSID7042065,val,test
DTXSID6042072,train,test
DTXSID6042074,train,train
DTXSID1042077,train,test
DTXSID0042080,test,val
DTXSID5042083,test,train
DTXSID0042084,train,val
DTXSID0042086,train,val
DTXSID5042089,train,train
DTXSID4042090,train,train
DTXSID4042094,train,test
DTXSID4042096,train,train
DTXSID9042097,val,train
DTXSID0042117,train,train
DTXSID4042121,train,train
DTXSID4042129,train,test
DTXSID3042130,test,val
DTXSID8042137,test,train
DTXSID7042140,train,train
DTXSID2042143,train,val
DTXSID2042145,train,train
DTXSID7042146,train,val
DTXSID2042149,train,train
DTXSID1042154,train,train
DTXSID6042157,train,train
DTXSID0042169,train,test
DTXSID9042170,test,train
DTXSID4042171,train,train
DTXSID3042180,train,train
DTXSID8042181,train,train
DTXSID8042187,train,test
DTXSID3042188,train,train
DTXSID8042189,train,train
DTXSID7042190,train,train
DTXSID2042191,train,test
DTXSID2042195,train,test
DTXSID7042196,train,val
DTXSID7042198,train,train
DTXSID2042199,train,val
DTXSID9042203,train,val
DTXSID4042206,train,train
DTXSID4042208,train,test
DTXSID9042209,train,val
DTXSID8042210,train,test
DTXSID3042215,train,train
DTXSID8042218,train,train
DTXSID3042219,train,train
DTXSID2042220,val,test
DTXSID2042224,train,train
DTXSID6042232,train,train
DTXSID6042234,train,train
DTXSID0042242,train,train
DTXSID5042243,train,val
DTXSID0042244,train,test
DTXSID5042247,test,val
DTXSID0042248,test,train
DTXSID5042249,train,train
DTXSID4042252,train,train
DTXSID4042254,train,val
DTXSID4042256,val,train
DTXSID9042259,train,val
DTXSID8042260,train,train
DTXSID3042261,val,train
DTXSID3042263,train,train
DTXSID8042264,train,train
DTXSID8042266,train,train
DTXSID3042269,train,train
DTXSID7042273,train,train
DTXSID2042276,train,val
DTXSID7042279,train,train
DTXSID6042280,train,test
DTXSID1042281,train,train
DTXSID1042285,val,test
DTXSID5042297,train,train
DTXSID5042299,train,train
DTXSID6042315,train,train
DTXSID0042325,train,train
DTXSID4042337,train,train
DTXSID8042343,train,train
DTXSID8042349,train,train
DTXSID7042352,val,train
DTXSID7042356,test,train
DTXSID1042360,test,train
DTXSID1042364,train,train
DTXSID6042365,train,val
DTXSID6042369,train,train
DTXSID0042379,train,train
DTXSID9042382,train,train
DTXSID3042390,train,train
DTXSID3042394,train,val
DTXSID8042399,val,train
DTXSID0042400,train,train
DTXSID0042406,train,train
DTXSID4042416,train,train
DTXSID4042418,train,test
DTXSID8042422,train,val
DTXSID3042423,train,train
DTXSID8042424,val,val
DTXSID8042426,train,train
DTXSID2042436,train,val
DTXSID7042437,train,train
DTXSID6042440,train,train
DTXSID1042441,train,val
DTXSID6042448,train,train
DTXSID5042451,train,train
DTXSID0042454,train,train
DTXSID5042459,train,test
DTXSID4042462,train,train
DTXSID4042468,train,test
DTXSID3042477,test,train
DTXSID8042478,train,train
DTXSID6042490,train,test
DTXSID1042491,train,val
DTXSID6042494,train,train
DTXSID6042498,val,val
DTXSID1042499,val,train
DTXSID3042500,train,test
DTXSID8042503,train,test
DTXSID8042507,train,val
DTXSID3042508,val,train
DTXSID8042509,train,train
DTXSID7042514,train,test
DTXSID6042521,train,train
DTXSID8042559,val,train
DTXSID1042570,test,val
DTXSID1042574,train,train
DTXSID6042579,test,train
DTXSID5042584,val,train
DTXSID9042592,test,train
DTXSID9042594,test,test
DTXSID6042602,test,test
DTXSID0042612,test,train
DTXSID5042613,train,train
DTXSID0042614,val,train
DTXSID0042618,test,test
DTXSID4042622,test,train
DTXSID3042631,test,val
DTXSID8042632,train,val
DTXSID0042668,train,train
DTXSID3042681,val,train
DTXSID6043709,test,test
DTXSID5043714,test,test
DTXSID3043734,val,train
DTXSID0043763,val,test
DTXSID0043765,val,val
DTXSID3043782,test,train
DTXSID8043814,test,train
DTXSID0043892,val,train
DTXSID5043895,val,train
DTXSID0043896,val,train
DTXSID5043897,val,train
DTXSID7043902,train,train
DTXSID7043908,train,train
DTXSID2043909,train,train
DTXSID6043913,train,train
DTXSID6043915,train,train
DTXSID6043919,train,train
DTXSID9043938,train,train
DTXSID8043941,train,train
DTXSID7043950,train,train
DTXSID7043952,test,train
DTXSID9043988,test,train
DTXSID2044000,train,train
DTXSID2044002,train,test
DTXSID6044014,val,val
DTXSID5044023,train,train
DTXSID0044024,train,train
DTXSID5044029,test,test
DTXSID0044107,train,train
DTXSID9044112,test,train
DTXSID3044124,val,train
DTXSID7044130,train,test
DTXSID2044131,val,train
DTXSID7044132,train,train
DTXSID2044137,test,val
DTXSID1044196,train,train
DTXSID8044200,train,train
DTXSID8044202,train,train
DTXSID3044203,val,train
DTXSID8044204,test,train
DTXSID3044205,train,train
DTXSID8044206,train,val
DTXSID8044208,val,train
DTXSID2044210,train,train
DTXSID2044214,test,val
DTXSID7044217,test,train
DTXSID2044218,test,test
DTXSID1044221,test,val
DTXSID1044223,test,train
DTXSID6044226,train,train
DTXSID0044236,test,train
DTXSID5044239,train,test
DTXSID9044241,train,val
DTXSID9044247,train,train
DTXSID3044251,train,train
DTXSID8044252,train,val
DTXSID2044266,train,train
DTXSID7044267,val,train
DTXSID2044268,train,train
DTXSID6044272,test,train
DTXSID5044289,test,test
DTXSID0044313,train,train
DTXSID0044315,train,val
DTXSID9044328,val,train
DTXSID3044334,train,val
DTXSID7044340,val,val
DTXSID7044342,val,val
DTXSID7044346,test,train
DTXSID2044347,train,val
DTXSID1044352,train,train
DTXSID6044353,train,train
DTXSID1044354,train,val
DTXSID6044355,train,train
DTXSID1044356,train,train
DTXSID6044357,train,train
DTXSID6044359,test,test
DTXSID5044360,train,train
DTXSID0044361,train,train
DTXSID5044362,test,test
DTXSID0044363,train,val
DTXSID5044364,train,test
DTXSID0044365,train,val
DTXSID0044369,train,test
DTXSID9044370,train,train
DTXSID4044371,train,val
DTXSID9044374,train,train
DTXSID4044375,train,val
DTXSID9044378,train,train
DTXSID3044380,val,train
DTXSID8044381,test,val
DTXSID3044382,train,train
DTXSID8044383,train,train
DTXSID3044384,train,train
DTXSID3044388,train,train
DTXSID8044389,train,test
DTXSID7044390,train,val
DTXSID2044391,train,train
DTXSID7044392,train,train
DTXSID2044393,train,train
DTXSID7044394,train,train
DTXSID2044395,train,train
DTXSID7044396,train,train
DTXSID2044397,train,train
DTXSID7044398,val,train
DTXSID2044399,train,train
DTXSID4044400,train,train
DTXSID9044401,train,train
DTXSID4044402,train,train
DTXSID4044404,train,test
DTXSID9044405,train,train
DTXSID9044407,train,train
DTXSID4044408,train,train
DTXSID9044409,train,val
DTXSID8044410,train,train
DTXSID3044411,train,test
DTXSID8044412,train,train
DTXSID3044413,train,train
DTXSID8044414,train,train
DTXSID7044421,train,val
DTXSID7044423,train,train
DTXSID2044424,train,train
DTXSID7044425,train,test
DTXSID7044427,train,val
DTXSID2044428,train,val
DTXSID7044429,train,train
DTXSID6044430,train,test
DTXSID1044431,train,train
DTXSID1044433,val,val
DTXSID1044435,train,test
DTXSID6044436,train,val
DTXSID1044437,train,val
DTXSID6044438,train,train
DTXSID1044439,train,train
DTXSID0044440,train,train
DTXSID5044441,train,train
DTXSID5044443,train,train
DTXSID5044445,train,train
DTXSID0044446,train,train
DTXSID5044447,train,train
DTXSID0044448,train,train
DTXSID4044450,train,train
DTXSID9044451,train,train
DTXSID4044452,train,train
DTXSID4044454,train,train
DTXSID9044455,train,train
DTXSID4044456,val,train
DTXSID4044458,train,train
DTXSID9044459,train,train
DTXSID8044462,train,train
DTXSID3044463,train,train
DTXSID8044464,train,test
DTXSID3044465,train,train
DTXSID8044466,train,test
DTXSID3044469,train,train
DTXSID2044470,train,val
DTXSID7044471,train,train
DTXSID2044472,train,train
DTXSID7044473,train,train
DTXSID2044474,train,train
DTXSID7044479,train,train
DTXSID1044481,val,train
DTXSID1044485,train,test
DTXSID6044486,train,train
DTXSID1044487,train,train
DTXSID6044488,train,train
DTXSID1044489,train,val
DTXSID0044490,train,val
DTXSID5044491,train,test
DTXSID5044493,train,train
DTXSID0044494,test,train
DTXSID5044495,train,train
DTXSID0044496,train,test
DTXSID0044498,train,train
DTXSID7044502,train,train
DTXSID2044503,val,train
DTXSID7044506,train,train
DTXSID2044507,test,train
DTXSID2044509,train,train
DTXSID6044511,train,train
DTXSID6044513,train,val
DTXSID1044514,train,train
DTXSID6044515,train,train
DTXSID6044517,val,train
DTXSID1044518,test,train
DTXSID6044519,train,train
DTXSID5044520,train,val
DTXSID5044522,train,train
DTXSID0044523,train,train
DTXSID0044525,train,train
DTXSID5044526,train,train
DTXSID0044527,train,test
DTXSID5044528,val,val
DTXSID9044532,val,train
DTXSID4044533,train,train
DTXSID9044534,train,train
DTXSID4044535,train,train
DTXSID9044536,train,train
DTXSID9044538,train,test
DTXSID3044542,train,val
DTXSID8044543,train,train
DTXSID3044544,val,test
DTXSID8044545,train,train
DTXSID8044547,train,train
DTXSID8044549,train,test
DTXSID7044552,train,train
DTXSID2044553,train,train
DTXSID7044554,test,train
DTXSID2044559,test,train
DTXSID1044560,train,train
DTXSID6044561,train,test
DTXSID6044563,val,train
DTXSID1044564,train,train
DTXSID6044565,train,train
DTXSID1044568,test,val
DTXSID0044571,train,test
DTXSID5044572,train,train
DTXSID0044573,train,train
DTXSID5044574,train,train
DTXSID0044575,test,train
DTXSID5044576,train,test
DTXSID4044581,train,val
DTXSID9044582,train,train
DTXSID9044584,train,train
DTXSID4044585,test,train
DTXSID4044587,train,train
DTXSID9044588,train,train
DTXSID4044589,train,test
DTXSID8044591,train,train
DTXSID8044593,val,train
DTXSID8044595,train,val
DTXSID8044597,test,train
DTXSID8044599,train,train
DTXSID0044600,train,train
DTXSID5044603,train,val
DTXSID0044604,train,train
DTXSID0044606,train,train
DTXSID5044607,train,val
DTXSID5044609,train,train
DTXSID9044613,test,train
DTXSID9044615,train,test
DTXSID4044616,train,val
DTXSID9044617,train,train
DTXSID4044618,train,val
DTXSID9044619,train,train
DTXSID8044620,train,train
DTXSID3044621,train,val
DTXSID8044622,train,train
DTXSID3044623,train,test
DTXSID8044624,train,val
DTXSID3044625,train,train
DTXSID8044626,val,test
DTXSID3044627,train,val
DTXSID3044629,train,val
DTXSID7044631,val,train
DTXSID2044632,train,train
DTXSID7044633,test,train
DTXSID7044635,train,train
DTXSID2044638,train,train
DTXSID7044639,train,train
DTXSID6044642,train,train
DTXSID1044643,train,train
DTXSID6044644,train,train
DTXSID1044645,train,train
DTXSID6044646,test,train
DTXSID1044647,train,test
DTXSID6044648,train,train
DTXSID0044650,train,train
DTXSID0044654,train,train
DTXSID5044655,train,test
DTXSID0044656,train,train
DTXSID0044658,test,test
DTXSID4044660,train,test
DTXSID4044662,train,train
DTXSID9044663,train,train
DTXSID4044664,train,val
DTXSID9044667,train,train
DTXSID4044668,test,train
DTXSID8044676,train,test
DTXSID3044679,train,train
DTXSID2044680,train,train
DTXSID7044681,train,val
DTXSID2044682,train,train
DTXSID7044685,train,train
DTXSID2044686,train,val
DTXSID7044689,train,test
DTXSID6044690,val,val
DTXSID1044691,train,val
DTXSID6044696,val,train
DTXSID1044697,train,train
DTXSID6044698,train,train
DTXSID8044701,train,train
DTXSID3044702,train,train
DTXSID8044703,train,train
DTXSID3044704,val,train
DTXSID3044706,train,train
DTXSID8044709,train,train
DTXSID7044710,train,test
DTXSID7044712,train,train
DTXSID2044713,train,train
DTXSID7044714,train,test
DTXSID2044715,train,train
DTXSID7044716,val,train
DTXSID7044718,test,train
DTXSID2044719,train,train
DTXSID1044720,train,train
DTXSID6044721,train,train
DTXSID1044722,train,val
DTXSID6044723,train,test
DTXSID1044724,train,train
DTXSID6044725,train,train
DTXSID6044727,val,train
DTXSID1044728,train,train
DTXSID0044731,train,train
DTXSID5044732,train,train
DTXSID5044734,train,val
DTXSID0044735,train,train
DTXSID0044737,val,train
DTXSID5044738,train,train
DTXSID9044740,train,train
DTXSID9044742,train,train
DTXSID4044743,train,train
DTXSID9044744,train,val
DTXSID4044745,val,test
DTXSID9044746,train,test
DTXSID4044747,train,train
DTXSID9044748,val,test
DTXSID3044750,train,train
DTXSID8044751,train,train
DTXSID3044752,train,train
DTXSID8044753,train,val
DTXSID3044754,train,train
DTXSID8044755,train,train
DTXSID3044756,val,train
DTXSID8044757,train,train
DTXSID8044759,train,val
DTXSID7044762,val,train
DTXSID2044763,train,train
DTXSID7044764,train,train
DTXSID2044765,train,train
DTXSID2044767,train,test
DTXSID7044768,train,train
DTXSID2044769,train,train
DTXSID1044770,train,train
DTXSID6044771,train,train
DTXSID1044772,train,train
DTXSID6044773,train,train
DTXSID1044774,val,train
DTXSID1044776,train,train
DTXSID6044777,train,train
DTXSID6044779,train,train
DTXSID5044780,train,train
DTXSID0044781,train,test
DTXSID5044784,train,train
DTXSID0044785,train,train
DTXSID5044786,test,test
DTXSID0044787,val,test
DTXSID9044790,train,train
DTXSID4044791,train,train
DTXSID4044793,train,test
DTXSID9044794,train,train
DTXSID9044796,train,train
DTXSID9044798,train,test
DTXSID4044799,train,train
DTXSID6044802,train,train
DTXSID6044804,train,test
DTXSID1044805,test,val
DTXSID1044807,train,train
DTXSID6044808,train,test
DTXSID1044809,train,test
DTXSID0044810,train,train
DTXSID0044812,train,train
DTXSID5044815,train,train
DTXSID5044817,test,train
DTXSID0044818,train,train
DTXSID4044820,train,train
DTXSID9044821,train,test
DTXSID4044822,train,train
DTXSID4044824,train,train
DTXSID9044825,train,train
DTXSID4044826,train,val
DTXSID9044827,train,train
DTXSID4044828,train,train
DTXSID9044829,val,val
DTXSID8044830,train,train
DTXSID3044831,train,train
DTXSID8044832,train,train
DTXSID3044833,train,train
DTXSID8044834,train,train
DTXSID3044835,train,train
DTXSID8044836,train,train
DTXSID3044837,train,train
DTXSID3044839,train,train
DTXSID2044840,train,train
DTXSID7044841,train,train
DTXSID2044842,test,train
DTXSID2044844,train,train
DTXSID7044845,train,train
DTXSID2044846,train,test
DTXSID7044847,train,train
DTXSID2044848,train,train
DTXSID7044849,val,train
DTXSID1044851,train,train
DTXSID6044852,val,train
DTXSID1044853,val,train
DTXSID6044854,train,train
DTXSID6044856,train,test
DTXSID1044857,train,train
DTXSID6044858,train,train
DTXSID1044859,test,train
DTXSID0044860,train,train
DTXSID0044862,train,test
DTXSID5044863,train,train
DTXSID5044865,train,train
DTXSID5044867,train,test
DTXSID0044868,train,train
DTXSID5044869,test,train
DTXSID4044870,train,train
DTXSID9044871,train,val
DTXSID4044872,val,train
DTXSID9044873,train,train
DTXSID9044875,train,train
DTXSID4044876,test,train
DTXSID9044877,train,val
DTXSID4044878,train,test
DTXSID9044879,train,train
DTXSID8044880,train,val
DTXSID3044881,train,train
DTXSID8044882,train,train
DTXSID3044883,train,train
DTXSID8044884,train,train
DTXSID8044886,test,train
DTXSID3044887,val,train
DTXSID2044890,train,train
DTXSID2044892,train,train
DTXSID7044893,train,train
DTXSID7044895,train,train
DTXSID2044896,train,val
DTXSID7044897,train,train
DTXSID2044898,train,test
DTXSID7044899,train,train
DTXSID4044901,train,train
DTXSID4044903,train,train
DTXSID4044905,val,train
DTXSID9044908,test,train
DTXSID4044909,train,train
DTXSID3044910,train,test
DTXSID8044913,train,val
DTXSID3044914,train,train
DTXSID8044915,val,train
DTXSID3044916,train,test
DTXSID3044918,train,test
DTXSID8044919,train,test
DTXSID2044921,train,train
DTXSID7044922,train,train
DTXSID2044923,test,val
DTXSID2044925,val,train
DTXSID7044926,train,test
DTXSID2044927,train,train
DTXSID7044928,train,train
DTXSID2044929,train,train
DTXSID1044930,train,train
DTXSID6044931,train,train
DTXSID1044932,train,train
DTXSID6044933,train,train
DTXSID1044934,train,train
DTXSID1044936,train,train
DTXSID1044938,train,train
DTXSID6044939,train,train
DTXSID5044940,val,train
DTXSID0044941,train,train
DTXSID0044945,train,test
DTXSID0044947,train,train
DTXSID5044948,train,train
DTXSID0044949,train,train
DTXSID9044950,train,train
DTXSID4044953,train,train
DTXSID3044960,train,train
DTXSID8044961,test,train
DTXSID3044962,train,train
DTXSID8044963,train,train
DTXSID3044966,train,train
DTXSID8044967,train,val
DTXSID2044971,test,test
DTXSID7044972,train,train
DTXSID2044973,train,train
DTXSID7044974,train,train
DTXSID2044975,train,train
DTXSID7044976,train,train
DTXSID2044979,train,test
DTXSID1044980,train,train
DTXSID6044981,train,train
DTXSID1044982,val,val
DTXSID6044983,train,test
DTXSID6044985,train,train
DTXSID1044986,train,val
DTXSID6044989,train,train
DTXSID5044990,train,train
DTXSID5044992,train,train
DTXSID0044993,train,train
DTXSID5044994,train,train
DTXSID0044995,train,train
DTXSID5044996,train,val
DTXSID0044997,train,train
DTXSID5044998,test,train
DTXSID0044999,train,test
DTXSID4045002,train,train
DTXSID9045003,train,val
DTXSID9045005,train,train
DTXSID9045007,train,train
DTXSID2045072,train,train
DTXSID2045076,train,train
DTXSID2045078,train,train
DTXSID6045082,train,train
DTXSID1045083,val,train
DTXSID6045084,train,train
DTXSID1045085,train,train
DTXSID6045086,train,val
DTXSID6045088,train,train
DTXSID1045089,train,test
DTXSID0045090,test,train
DTXSID5045091,train,train
DTXSID5045093,train,train
DTXSID2045101,train,test
DTXSID2045103,train,train
DTXSID2045105,test,train
DTXSID7045106,train,test
DTXSID2045107,train,test
DTXSID7045108,val,train
DTXSID2045109,val,test
DTXSID1045110,train,train
DTXSID1045112,test,train
DTXSID1045114,train,train
DTXSID6045115,train,train
DTXSID1045116,val,train
DTXSID6045117,test,val
DTXSID1045118,val,val
DTXSID6045119,test,val
DTXSID5045120,train,train
DTXSID5045122,train,train
DTXSID5045124,train,train
DTXSID0045125,train,train
DTXSID0045127,train,train
DTXSID5045128,test,val
DTXSID4045131,test,train
DTXSID9045132,val,test
DTXSID4045133,test,train
DTXSID9045136,test,test
DTXSID9045138,train,train
DTXSID4045139,train,train
DTXSID3045140,val,train
DTXSID8045141,train,train
DTXSID3045144,val,test
DTXSID8045145,val,train
DTXSID8045147,test,train
DTXSID8045149,test,train
DTXSID7045150,test,train
DTXSID2045151,train,test
DTXSID7045152,test,train
DTXSID2045153,test,train
DTXSID2045157,train,train
DTXSID7045158,val,test
DTXSID1045160,test,train
DTXSID6045161,val,val
DTXSID1045162,test,train
DTXSID6045163,val,train
DTXSID1045164,test,val
DTXSID6045165,train,test
DTXSID1045166,train,train
DTXSID6045167,val,val
DTXSID1045168,test,train
DTXSID6045169,train,train
DTXSID5045170,val,train
DTXSID0045171,val,val
DTXSID0045173,train,train
DTXSID5045174,train,train
DTXSID0045175,train,test
DTXSID5045176,val,train
DTXSID0045179,train,train
DTXSID9045180,train,train
DTXSID4045181,val,train
DTXSID9045182,val,train
DTXSID4045183,test,test
DTXSID9045184,train,test
DTXSID9045186,train,train
DTXSID4045187,train,train
DTXSID9045188,val,val
DTXSID4045189,train,val
DTXSID3045190,val,train
DTXSID8045191,train,train
DTXSID3045192,train,train
DTXSID8045193,val,train
DTXSID3045194,val,train
DTXSID8045195,val,train
DTXSID3045196,test,val
DTXSID3045198,test,train
DTXSID5045201,test,train
DTXSID0045202,train,train
DTXSID5045203,val,train
DTXSID0045204,val,train
DTXSID5045205,val,train
DTXSID0045206,test,val
DTXSID0045208,val,train
DTXSID5045209,test,train
DTXSID4045210,train,train
DTXSID9045215,train,train
DTXSID4045216,train,val
DTXSID9045217,val,test
DTXSID8045220,test,train
DTXSID3045221,test,val
DTXSID8045222,val,train
DTXSID3045223,train,train
DTXSID8045224,test,val
DTXSID3045225,train,test
DTXSID8045226,val,val
DTXSID3045227,val,test
DTXSID8045228,train,train
DTXSID3045229,train,train
DTXSID2045232,train,train
DTXSID2045236,val,train
DTXSID2045238,train,train
DTXSID6045240,test,train
DTXSID6045244,test,train
DTXSID1045245,test,train
DTXSID6045248,train,test
DTXSID0045250,test,train
DTXSID0045252,train,train
DTXSID0045254,train,train
DTXSID4045262,val,train
DTXSID9045265,train,train
DTXSID9045267,test,train
DTXSID3045271,train,train
DTXSID2045280,val,train
DTXSID7045281,train,train
DTXSID7045287,val,train
DTXSID1045291,train,train
DTXSID6045292,val,val
DTXSID1045293,train,train
DTXSID6045296,train,train
DTXSID1045297,test,train
DTXSID3045300,train,train
DTXSID8045305,train,train
DTXSID3045306,train,train
DTXSID8045307,train,val
DTXSID7045310,val,train
DTXSID7045312,test,train
DTXSID2045315,train,train
DTXSID7045316,val,train
DTXSID7045318,val,train
DTXSID1045320,train,train
DTXSID6045321,test,train
DTXSID1045322,train,train
DTXSID6045323,train,train
DTXSID1045324,val,test
DTXSID6045325,train,val
DTXSID1045326,val,train
DTXSID1045328,train,val
DTXSID5045330,val,train
DTXSID5045332,train,val
DTXSID4045341,train,val
DTXSID9045342,test,train
DTXSID4045343,train,train
DTXSID9045344,train,train
DTXSID4045345,train,train
DTXSID9045346,val,test
DTXSID4045347,train,test
DTXSID9045348,train,val
DTXSID3045350,train,train
DTXSID8045351,train,train
DTXSID3045356,train,val
DTXSID8045357,val,train
DTXSID8045359,val,test
DTXSID7045360,train,train
DTXSID2045361,test,train
DTXSID7045364,val,test
DTXSID2045365,train,test
DTXSID7045366,test,train
DTXSID2045367,test,train
DTXSID7045368,train,train
DTXSID1045370,train,train
DTXSID6045371,train,train
DTXSID1045372,val,val
DTXSID6045373,val,val
DTXSID6045375,val,test
DTXSID1045376,train,val
DTXSID6045377,test,train
DTXSID5045380,test,val
DTXSID5045382,val,val
DTXSID0045383,train,test
DTXSID0045385,train,train
DTXSID5045386,train,val
DTXSID5045388,val,train
DTXSID0045389,train,train
DTXSID9045390,test,train
DTXSID4045391,train,val
DTXSID9045392,val,val
DTXSID4045393,train,train
DTXSID9045394,train,train
DTXSID9045398,val,val
DTXSID4045399,train,train
DTXSID6045400,train,train
DTXSID6045402,test,train
DTXSID1045405,train,train
DTXSID1045407,val,test
DTXSID6045408,test,train
DTXSID1045409,train,train
DTXSID0045410,train,train
DTXSID0045412,train,train
DTXSID5045413,test,test
DTXSID0045416,test,train
DTXSID5045417,test,train
DTXSID5045419,train,test
DTXSID4045420,train,train
DTXSID4045422,val,test
DTXSID4045424,test,train
DTXSID9045425,val,train
DTXSID4045428,train,train
DTXSID9045429,test,train
DTXSID8045432,val,train
DTXSID3045433,test,val
DTXSID8045434,train,train
DTXSID3045435,test,train
DTXSID3045437,train,test
DTXSID8045438,train,train
DTXSID3045439,test,train
DTXSID2045440,test,test
DTXSID7045441,val,test
DTXSID2045442,val,train
DTXSID7045443,val,train
DTXSID2045444,train,train
DTXSID7045447,train,val
DTXSID2045448,train,train
DTXSID6045452,val,test
DTXSID1045453,val,val
DTXSID1045459,train,test
DTXSID0045460,train,train
DTXSID5045461,train,train
DTXSID0045462,test,train
DTXSID5045463,val,train
DTXSID0045464,train,train
DTXSID5045465,test,train
DTXSID0045466,train,test
DTXSID5045467,train,test
DTXSID0045468,test,train
DTXSID5045469,train,val
DTXSID4045472,train,train
DTXSID4045474,train,train
DTXSID4045476,val,val
DTXSID4045478,val,train
DTXSID9045479,val,test
DTXSID8045480,val,train
DTXSID8045484,val,train
DTXSID3045485,val,train
DTXSID8045486,val,test
DTXSID8045488,train,val
DTXSID2045490,test,train
DTXSID2045492,train,train
DTXSID7045493,test,val
DTXSID2045494,train,train
DTXSID2045496,val,train
DTXSID7045497,val,test
DTXSID2045498,test,test
DTXSID9045500,train,train
DTXSID9045502,train,train
DTXSID9045506,train,test
DTXSID9045508,test,train
DTXSID8045511,train,val
DTXSID8045513,test,train
DTXSID3045514,test,train
DTXSID8045515,train,train
DTXSID8045519,val,val
DTXSID2045521,train,train
DTXSID7045522,train,train
DTXSID2045523,val,train
DTXSID7045526,val,train
DTXSID2045527,train,train
DTXSID2045529,test,test
DTXSID1045530,test,train
DTXSID6045531,test,train
DTXSID6045533,test,train
DTXSID1045534,train,train
DTXSID6045535,train,test
DTXSID1045536,train,train
DTXSID6045537,val,test
DTXSID1045538,test,val
DTXSID6045539,val,test
DTXSID5045540,train,train
DTXSID5045542,test,train
DTXSID5045544,test,train
DTXSID0045545,train,train
DTXSID5045546,train,train
DTXSID0045547,test,val
DTXSID9045550,val,train
DTXSID4045551,train,test
DTXSID9045552,test,train
DTXSID4045555,train,train
DTXSID9045556,test,train
DTXSID4045557,val,test
DTXSID9045558,train,train
DTXSID3045560,train,train
DTXSID8045561,test,train
DTXSID3045562,val,train
DTXSID8045563,train,test
DTXSID8045565,train,test
DTXSID3045566,val,train
DTXSID8045567,train,train
DTXSID3045568,val,train
DTXSID8045569,train,train
DTXSID7045570,test,train
DTXSID2045571,train,val
DTXSID7045572,val,train
DTXSID2045573,val,train
DTXSID7045574,test,train
DTXSID2045575,val,train
DTXSID7045578,train,train
DTXSID2045579,train,train
DTXSID1045580,train,val
DTXSID6045581,val,train
DTXSID6045583,test,train
DTXSID1045584,train,train
DTXSID6045585,test,train
DTXSID1045586,train,val
DTXSID6045587,train,train
DTXSID1045588,train,train
DTXSID5045590,val,val
DTXSID0045591,train,train
DTXSID5045594,val,test
DTXSID0045595,val,train
DTXSID5045596,test,val
DTXSID0045597,test,train
DTXSID5045598,test,train
DTXSID0045599,test,val
DTXSID2045600,train,train
DTXSID7045601,train,train
DTXSID2045602,train,train
DTXSID7045603,test,train
DTXSID7045605,val,train
DTXSID2045606,val,train
DTXSID7045607,val,train
DTXSID6045614,val,test
DTXSID1045615,test,test
DTXSID6045616,val,test
DTXSID6045618,train,train
DTXSID1045619,train,train
DTXSID5045623,test,val
DTXSID0045624,train,test
DTXSID5045625,train,train
DTXSID0045626,train,train
DTXSID4045630,train,val
DTXSID9045631,test,test
DTXSID4045632,train,train
DTXSID9045633,train,train
DTXSID9045635,test,val
DTXSID4045636,train,train
DTXSID9045637,test,train
DTXSID4045638,train,train
DTXSID9045639,test,train
DTXSID8045640,train,train
DTXSID8045642,train,train
DTXSID3045645,val,train
DTXSID8045646,train,val
DTXSID3045647,train,test
DTXSID8045648,train,train
DTXSID3045649,train,val
DTXSID2045650,train,train
DTXSID7045651,test,train
DTXSID2045652,train,train
DTXSID7045653,val,train
DTXSID2045654,train,train
DTXSID7045655,train,train
DTXSID2045656,train,train
DTXSID2045658,test,train
DTXSID7045659,test,train
DTXSID6045660,test,train
DTXSID1045661,train,val
DTXSID6045662,train,val
DTXSID1045663,train,val
DTXSID1045665,test,train
DTXSID6045666,train,train
DTXSID6045668,train,train
DTXSID1045669,train,train
DTXSID0045670,train,train
DTXSID5045671,val,train
DTXSID5045673,val,train
DTXSID0045674,val,train
DTXSID5045675,train,train
DTXSID0045676,val,val
DTXSID5045677,test,train
DTXSID0045678,test,val
DTXSID4045680,test,train
DTXSID4045682,train,val
DTXSID9045683,train,train
DTXSID9045685,val,train
DTXSID4045686,val,train
DTXSID9045687,train,train
DTXSID4045688,test,train
DTXSID9045689,val,train
DTXSID8045690,test,train
DTXSID3045691,test,val
DTXSID8045692,train,train
DTXSID3045693,train,train
DTXSID8045694,train,train
DTXSID3045695,train,train
DTXSID8045696,train,train
DTXSID3045697,train,train
DTXSID8045698,test,train
DTXSID3045699,train,val
DTXSID5045700,test,train
DTXSID0045701,test,train
DTXSID5045702,train,train
DTXSID0045703,val,val
DTXSID5045704,train,train
DTXSID0045705,test,train
DTXSID5045706,train,val
DTXSID0045707,train,test
DTXSID5045708,train,val
DTXSID0045709,test,train
DTXSID9045710,train,train
DTXSID4045711,val,train
DTXSID1045740,train,train
DTXSID6045741,train,train
DTXSID1045742,val,train
DTXSID6045743,val,train
DTXSID1045744,train,train
DTXSID6045745,val,train
DTXSID1045746,test,train
DTXSID1045748,train,train
DTXSID6045749,train,train
DTXSID5045752,val,train
DTXSID0045755,train,train
DTXSID5045756,val,train
DTXSID0045757,test,train
DTXSID5045758,val,val
DTXSID0045759,train,val
DTXSID9045762,test,train
DTXSID4045763,train,val
DTXSID9045764,train,val
DTXSID4045765,train,train
DTXSID9045766,train,train
DTXSID4045767,val,train
DTXSID9045768,train,train
DTXSID4045769,train,train
DTXSID3045770,test,train
DTXSID8045771,train,train
DTXSID3045772,train,train
DTXSID8045773,train,train
DTXSID3045774,train,val
DTXSID8045775,test,train
DTXSID3045776,train,train
DTXSID8045777,val,train
DTXSID3045778,train,train
DTXSID7045780,train,train
DTXSID2045781,train,train
DTXSID7045782,train,test
DTXSID2045783,train,train
DTXSID2045785,test,train
DTXSID7045786,train,train
DTXSID2045787,train,train
DTXSID7045788,val,train
DTXSID2045789,train,train
DTXSID6045791,train,train
DTXSID1045792,train,train
DTXSID1045794,train,val
DTXSID6045795,val,val
DTXSID1045796,val,train
DTXSID8045800,train,train
DTXSID8045802,test,train
DTXSID3045803,val,train
DTXSID8045804,train,train
DTXSID3045805,train,train
DTXSID8045806,test,train
DTXSID3045807,train,train
DTXSID3045809,train,train
DTXSID2045810,train,train
DTXSID7045811,test,train
DTXSID7045813,val,train
DTXSID2045814,test,train
DTXSID7045815,val,train
DTXSID6045820,train,train
DTXSID6045824,train,train
DTXSID1045825,train,train
DTXSID6045828,test,train
DTXSID0045830,val,train
DTXSID5045831,test,train
DTXSID0045832,train,train
DTXSID5045833,val,test
DTXSID5045835,val,train
DTXSID0045836,train,train
DTXSID0045838,train,train
DTXSID9045843,train,train
DTXSID9045845,train,test
DTXSID9045847,train,train
DTXSID9045849,train,test
DTXSID8045850,train,train
DTXSID3045851,train,train
DTXSID8045852,train,train
DTXSID8045854,test,train
DTXSID3045855,train,train
DTXSID8045856,test,train
DTXSID3045857,train,train
DTXSID3045859,train,train
DTXSID2045860,test,test
DTXSID7045861,test,val
DTXSID2045862,train,train
DTXSID7045863,val,train
DTXSID2045864,test,test
DTXSID7045865,train,test
DTXSID7045867,train,train
DTXSID2045868,train,val
DTXSID6045870,train,train
DTXSID1045871,train,test
DTXSID6045872,train,test
DTXSID1045873,train,train
DTXSID6045874,test,val
DTXSID1045877,train,val
DTXSID6045878,test,train
DTXSID1045879,train,test
DTXSID0045880,train,val
DTXSID5045881,train,train
DTXSID5045883,train,train
DTXSID5045885,test,train
DTXSID0045886,val,train
DTXSID5045887,val,train
DTXSID0045888,val,train
DTXSID5045889,train,train
DTXSID4045890,train,train
DTXSID9045891,train,train
DTXSID4045892,val,val
DTXSID9045895,test,test
DTXSID4045896,train,val
DTXSID9045897,val,train
DTXSID4045898,train,train
DTXSID9045899,train,test
DTXSID6045901,train,train
DTXSID1045902,val,val
DTXSID6045903,val,train
DTXSID1045904,train,train
DTXSID6045905,test,test
DTXSID1045906,val,val
DTXSID6045907,train,test
DTXSID6045909,val,train
DTXSID5045910,train,train
DTXSID5045914,train,val
DTXSID5045916,val,train
DTXSID4045921,test,train
DTXSID9045922,test,train
DTXSID9045924,test,train
DTXSID4045925,val,test
DTXSID4045927,test,val
DTXSID9045928,test,train
DTXSID4045929,train,train
DTXSID3045930,val,train
DTXSID8045933,test,train
DTXSID3045934,train,val
DTXSID8045935,train,train
DTXSID8045937,test,train
DTXSID3045938,val,test
DTXSID8045939,train,test
DTXSID7045940,train,train
DTXSID2045941,val,train
DTXSID7045942,train,train
DTXSID2045943,test,val
DTXSID7045944,val,val
DTXSID2045945,val,train
DTXSID7045946,train,train
DTXSID7045948,test,train
DTXSID1045950,train,train
DTXSID6045951,val,train
DTXSID1045952,val,train
DTXSID6045953,val,train
DTXSID1045954,train,train
DTXSID6045955,train,train
DTXSID1045956,val,train
DTXSID6045957,val,train
DTXSID1045958,val,val
DTXSID6045959,test,val
DTXSID5045960,train,train
DTXSID0045961,train,train
DTXSID5045962,val,train
DTXSID0045963,train,test
DTXSID5045964,train,train
DTXSID0045965,train,train
DTXSID0045967,val,val
DTXSID9045972,train,val
DTXSID4045973,train,val
DTXSID4045975,train,test
DTXSID9045976,train,val
DTXSID9045978,val,test
DTXSID3045980,test,test
DTXSID8045983,test,train
DTXSID8045985,test,val
DTXSID8045987,val,train
DTXSID3045988,test,val
DTXSID8045989,train,train
DTXSID7045992,train,train
DTXSID2045993,train,train
DTXSID7045996,val,train
DTXSID7045998,val,train
DTXSID6046000,val,train
DTXSID1046003,test,train
DTXSID1046007,train,train
DTXSID6046008,val,train
DTXSID1046009,val,train
DTXSID0046010,test,train
DTXSID5046011,test,train
DTXSID0046012,test,train
DTXSID5046013,train,test
DTXSID5046015,val,train
DTXSID5046017,train,train
DTXSID5046019,test,train
DTXSID4046020,train,test
DTXSID4046022,val,train
DTXSID9046023,val,val
DTXSID4046024,val,val
DTXSID9046029,test,train
DTXSID8046030,val,train
DTXSID8046034,val,test
DTXSID8046036,train,val
DTXSID8046038,val,train
DTXSID7046041,train,train
DTXSID2046042,train,train
DTXSID7046045,train,val
DTXSID7046047,train,val
DTXSID1046051,train,test
DTXSID6046054,train,train
DTXSID1046055,train,train
DTXSID1046059,train,val
DTXSID0046060,train,train
DTXSID5046061,val,train
DTXSID0046062,test,train
DTXSID5046063,train,train
DTXSID0046064,train,train
DTXSID0046066,train,train
DTXSID5046067,train,train
DTXSID5046069,test,train
DTXSID9046071,train,test
DTXSID9046073,train,val
DTXSID4046076,test,val
DTXSID4046078,train,train
DTXSID3046081,train,train
DTXSID3046083,test,train
DTXSID8046084,train,val
DTXSID3046085,train,test
DTXSID8046086,val,val
DTXSID8046088,test,train
DTXSID2046090,val,train
DTXSID7046091,val,test
DTXSID2046092,val,train
DTXSID7046093,test,train
DTXSID2046094,val,train
DTXSID7046095,train,val
DTXSID2046096,train,test
DTXSID7046097,test,train
DTXSID7046099,val,train
DTXSID9046100,test,train
DTXSID4046101,test,test
DTXSID9046102,test,train
DTXSID4046103,test,train
DTXSID9046104,test,train
DTXSID9046106,train,test
DTXSID4046107,val,train
DTXSID9046108,train,train
DTXSID4046109,val,train
DTXSID3046110,test,val
DTXSID3046112,val,val
DTXSID8046113,train,train
DTXSID3046114,train,val
DTXSID8046115,val,train
DTXSID3046116,train,test
DTXSID8046117,train,train
DTXSID3046118,test,test
DTXSID8046119,train,val
DTXSID7046120,test,train
DTXSID2046121,train,test
DTXSID7046122,val,val
DTXSID2046123,val,val
DTXSID7046126,val,train
DTXSID2046127,test,train
DTXSID7046128,val,train
DTXSID1046130,test,train
DTXSID6046131,train,train
DTXSID1046132,train,test
DTXSID6046133,val,train
DTXSID1046134,train,train
DTXSID6046135,train,train
DTXSID1046136,train,train
DTXSID6046137,val,test
DTXSID1046138,test,train
DTXSID6046139,train,train
DTXSID5046140,test,train
DTXSID5046142,val,train
DTXSID0046143,train,train
DTXSID5046144,train,train
DTXSID0046145,test,train
DTXSID5046146,train,train
DTXSID0046147,test,train
DTXSID5046148,train,train
DTXSID9046150,test,val
DTXSID4046151,val,train
DTXSID9046152,train,train
DTXSID4046153,train,train
DTXSID9046154,test,train
DTXSID4046155,test,train
DTXSID9046156,test,val
DTXSID4046157,val,val
DTXSID9046158,val,train
DTXSID4046159,val,train
DTXSID3046160,train,train
DTXSID8046161,train,train
DTXSID3046162,train,train
DTXSID8046163,train,train
DTXSID3046164,test,train
DTXSID8046165,train,train
DTXSID3046166,test,train
DTXSID8046167,test,val
DTXSID3046168,test,train
DTXSID8046169,train,train
DTXSID7046170,train,train
DTXSID2046171,train,test
DTXSID7046172,test,test
DTXSID2046173,test,val
DTXSID7046174,train,train
DTXSID2046175,train,val
DTXSID7046176,train,val
DTXSID2046177,test,test
DTXSID7046178,train,train
DTXSID2046179,test,train
DTXSID1046180,train,train
DTXSID6046181,train,train
DTXSID1046182,train,train
DTXSID6046183,train,test
DTXSID1046184,val,train
DTXSID6046185,train,train
DTXSID1046186,val,train
DTXSID6046187,test,train
DTXSID1046188,val,train
DTXSID6046189,test,val
DTXSID5046190,train,train
DTXSID0046191,test,train
DTXSID5046192,train,val
DTXSID0046193,test,train
DTXSID5046194,test,val
DTXSID0046195,val,train
DTXSID5046196,train,train
DTXSID0046197,val,train
DTXSID5046198,train,train
DTXSID0046199,test,test
DTXSID2046200,train,val
DTXSID7046201,train,train
DTXSID2046202,test,train
DTXSID7046205,val,train
DTXSID2046206,val,train
DTXSID7046207,test,val
DTXSID2046208,test,train
DTXSID6046210,train,train
DTXSID1046211,train,train
DTXSID6046212,test,val
DTXSID1046213,val,train
DTXSID6046214,train,train
DTXSID1046215,train,train
DTXSID6046216,val,train
DTXSID1046217,val,train
DTXSID6046218,val,train
DTXSID0046220,test,train
DTXSID5046221,train,val
DTXSID0046222,test,train
DTXSID5046223,train,test
DTXSID0046224,train,train
DTXSID5046225,val,train
DTXSID0046226,train,val
DTXSID5046227,val,train
DTXSID0046228,train,train
DTXSID5046229,val,val
DTXSID4046230,test,val
DTXSID4046232,test,train
DTXSID9046233,train,train
DTXSID4046234,train,train
DTXSID9046235,train,val
DTXSID4046236,train,train
DTXSID9046237,val,val
DTXSID4046238,train,test
DTXSID9046239,val,train
DTXSID8046240,train,train
DTXSID3046241,train,train
DTXSID8046242,train,train
DTXSID3046243,train,train
DTXSID8046244,train,train
DTXSID3046245,train,train
DTXSID8046246,val,test
DTXSID3046247,train,train
DTXSID8046248,train,train
DTXSID3046249,val,val
DTXSID2046250,val,train
DTXSID7046251,train,train
DTXSID2046252,val,train
DTXSID7046253,train,test
DTXSID2046254,test,train
DTXSID7046255,test,train
DTXSID2046256,train,train
DTXSID7046257,val,train
DTXSID2046258,val,train
DTXSID7046259,test,train
DTXSID6046260,train,train
DTXSID1046261,train,test
DTXSID6046262,train,val
DTXSID1046263,train,train
DTXSID6046264,train,train
DTXSID1046265,train,train
DTXSID6046266,test,train
DTXSID1046267,val,test
DTXSID6046268,train,train
DTXSID1046269,test,train
DTXSID0046270,train,train
DTXSID5046271,val,train
DTXSID0046272,train,train
DTXSID5046273,val,train
DTXSID0046274,train,train
DTXSID5046275,train,train
DTXSID0046276,train,train
DTXSID5046277,val,train
DTXSID5046279,val,train
DTXSID4046280,test,train
DTXSID9046281,val,train
DTXSID4046282,test,test
DTXSID9046283,test,train
DTXSID4046284,train,train
DTXSID9046285,val,train
DTXSID4046286,train,train
DTXSID9046287,train,train
DTXSID4046288,val,train
DTXSID9046289,train,train
DTXSID3046291,train,train
DTXSID8046292,train,val
DTXSID8046294,train,train
DTXSID3046295,val,train
DTXSID8046296,val,train
DTXSID3046297,test,val
DTXSID8046298,val,train
DTXSID3046299,train,test
DTXSID5046300,train,train
DTXSID0046305,test,train
DTXSID5046306,train,train
DTXSID0046307,test,val
DTXSID5046308,train,train
DTXSID0046309,test,train
DTXSID9046310,train,train
DTXSID4046313,val,train
DTXSID4046315,test,train
DTXSID4046319,test,test
DTXSID3046320,train,test
DTXSID8046321,val,val
DTXSID3046322,val,test
DTXSID8046323,train,train
DTXSID3046324,train,test
DTXSID3046326,val,train
DTXSID8046327,train,train
DTXSID7046332,test,train
DTXSID6046341,train,train
DTXSID1046342,train,val
DTXSID6046343,train,val
DTXSID1046344,val,train
DTXSID6046345,train,train
DTXSID1046346,train,test
DTXSID6046347,train,train
DTXSID1046348,train,train
DTXSID6046349,train,train
DTXSID5046352,test,train
DTXSID0046353,train,val
DTXSID5046354,train,val
DTXSID5046356,test,val
DTXSID0046357,train,test
DTXSID5046358,val,test
DTXSID9046360,train,train
DTXSID4046361,test,train
DTXSID4046363,val,test
DTXSID2046383,train,train
DTXSID7046384,val,train
DTXSID2046385,train,train
DTXSID7046386,test,train
DTXSID7046388,val,train
DTXSID2046389,train,test
DTXSID1046390,train,train
DTXSID6046391,train,train
DTXSID1046392,train,train
DTXSID6046393,train,test
DTXSID1046394,test,test
DTXSID6046395,test,train
DTXSID1046396,test,train
DTXSID6046397,train,test
DTXSID1046398,train,train
DTXSID6046399,train,test
DTXSID8046400,train,train
DTXSID3046401,train,train
DTXSID8046402,train,train
DTXSID3046403,train,val
DTXSID8046404,train,train
DTXSID3046405,val,val
DTXSID8046406,train,train
DTXSID3046407,val,train
DTXSID3046409,test,train
DTXSID2046410,train,train
DTXSID7046411,train,train
DTXSID2046412,train,train
DTXSID7046413,val,train
DTXSID7046415,train,train
DTXSID7046417,train,train
DTXSID2046418,train,train
DTXSID7046419,train,train
DTXSID6046420,train,train
DTXSID6046422,train,train
DTXSID1046423,test,train
DTXSID6046424,train,train
DTXSID1046425,train,train
DTXSID6046426,val,train
DTXSID1046427,train,train
DTXSID6046428,val,train
DTXSID1046429,train,train
DTXSID0046430,val,train
DTXSID0046432,val,val
DTXSID5046433,train,train
DTXSID0046434,test,val
DTXSID5046435,val,test
DTXSID5046437,train,train
DTXSID0046438,test,train
DTXSID5046439,train,train
DTXSID4046440,train,test
DTXSID4046442,train,test
DTXSID9046443,test,train
DTXSID4046444,val,train
DTXSID9046445,train,train
DTXSID4046446,test,test
DTXSID4046448,val,train
DTXSID9046449,val,val
DTXSID8046450,test,train
DTXSID3046451,train,train
DTXSID8046452,test,val
DTXSID3046453,val,train
DTXSID8046454,test,train
DTXSID3046455,test,train
DTXSID8046456,test,train
DTXSID3046457,test,train
DTXSID8046458,train,test
DTXSID3046459,val,train
DTXSID2046460,train,val
DTXSID7046461,test,test
DTXSID2046462,train,test
DTXSID7046463,test,train
DTXSID2046464,train,train
DTXSID7046465,test,train
DTXSID7046467,val,val
DTXSID2046468,train,train
DTXSID6046470,val,train
DTXSID1046471,train,val
DTXSID6046472,test,train
DTXSID6046474,test,test
DTXSID1046475,test,train
DTXSID6046476,test,test
DTXSID6046478,test,train
DTXSID1046479,test,val
DTXSID0046480,test,train
DTXSID5046481,val,train
DTXSID0046482,val,train
DTXSID5046483,test,train
DTXSID0046484,test,train
DTXSID5046485,test,train
DTXSID0046486,val,test
DTXSID5046487,train,train
DTXSID0046488,test,train
DTXSID5046489,test,train
DTXSID4046490,train,val
DTXSID9046491,train,test
DTXSID4046492,val,train
DTXSID4046494,val,train
DTXSID9046495,test,train
DTXSID9046497,train,train
DTXSID4046498,train,test
DTXSID9046499,train,train
DTXSID1046500,val,train
DTXSID6046501,test,train
DTXSID1046502,val,train
DTXSID6046503,train,val
DTXSID1046504,test,train
DTXSID6046505,test,train
DTXSID1046506,val,train
DTXSID6046507,test,val
DTXSID1046508,test,test
DTXSID6046509,train,train
DTXSID5046510,train,train
DTXSID0046511,train,train
DTXSID5046512,train,train
DTXSID0046513,train,train
DTXSID5046516,train,val
DTXSID0046517,train,train
DTXSID5046518,train,val
DTXSID9046520,train,train
DTXSID4046521,train,train
DTXSID4046523,train,test
DTXSID9046524,train,train
DTXSID4046525,train,train
DTXSID9046526,train,val
DTXSID4046527,train,train
DTXSID4046529,train,test
DTXSID8046531,train,train
DTXSID3046532,train,train
DTXSID3046534,train,train
DTXSID8046535,train,test
DTXSID3046536,test,train
DTXSID2046541,val,train
DTXSID7046542,test,train
DTXSID2046543,train,test
DTXSID2046545,val,test
DTXSID7046548,train,test
DTXSID2046549,val,train
DTXSID1046550,val,val
DTXSID6046551,val,train
DTXSID1046552,val,train
DTXSID6046553,test,train
DTXSID6046555,val,train
DTXSID1046556,test,val
DTXSID6046557,val,test
DTXSID1046558,train,train
DTXSID5046560,train,train
DTXSID0046561,train,val
DTXSID0046563,test,test
DTXSID5046564,train,test
DTXSID0046565,train,train
DTXSID5046566,train,val
DTXSID0046567,train,train
DTXSID5046568,train,val
DTXSID0046569,train,train
DTXSID9046570,test,train
DTXSID4046571,train,val
DTXSID9046572,train,train
DTXSID4046573,train,val
DTXSID9046574,train,train
DTXSID9046576,test,train
DTXSID4046577,val,train
DTXSID9046578,val,val
DTXSID4046579,train,train
DTXSID3046580,train,train
DTXSID8046581,val,train
DTXSID3046584,val,train
DTXSID8046585,train,val
DTXSID3046586,train,train
DTXSID3046588,test,train
DTXSID8046589,test,train
DTXSID2046591,test,train
DTXSID7046592,train,test
DTXSID2046593,train,test
DTXSID7046594,train,test
DTXSID7046596,train,train
DTXSID2046597,train,test
DTXSID2046599,train,train
DTXSID4046600,val,train
DTXSID9046601,train,train
DTXSID4046602,train,train
DTXSID9046603,train,train
DTXSID4046604,test,train
DTXSID4046606,train,train
DTXSID9046607,train,train
DTXSID4046608,train,train
DTXSID9046609,train,train
DTXSID8046610,test,train
DTXSID3046613,train,train
DTXSID8046614,train,train
DTXSID3046615,test,train
DTXSID3046617,test,train
DTXSID8046618,train,test
DTXSID3046619,test,test
DTXSID7046621,val,train
DTXSID7046623,test,train
DTXSID2046624,train,train
DTXSID2046626,train,train
DTXSID7046627,val,train
DTXSID2046628,train,test
DTXSID6046630,test,test
DTXSID1046631,val,train
DTXSID1046633,train,train
DTXSID6046634,train,train
DTXSID6046636,train,train
DTXSID1046637,val,train
DTXSID6046638,val,train
DTXSID1046639,val,train
DTXSID0046640,test,train
DTXSID5046641,train,test
DTXSID0046642,train,train
DTXSID5046643,train,test
DTXSID0046644,train,train
DTXSID0046646,test,train
DTXSID5046647,train,test
DTXSID0046648,test,train
DTXSID5046649,val,test
DTXSID9046651,val,val
DTXSID4046652,test,val
DTXSID9046653,train,train
DTXSID4046654,val,train
DTXSID4046656,train,train
DTXSID9046657,train,train
DTXSID4046658,test,val
DTXSID9046659,test,train
DTXSID8046660,val,train
DTXSID8046662,train,train
DTXSID3046663,val,train
DTXSID8046664,test,train
DTXSID3046665,val,train
DTXSID2046670,val,train
DTXSID7046673,val,train
DTXSID2046674,train,train
DTXSID7046675,test,val
DTXSID7046677,test,train
DTXSID2046678,val,test
DTXSID1046681,val,train
DTXSID6046682,train,val
DTXSID1046683,val,test
DTXSID1046685,test,train
DTXSID6046686,test,test
DTXSID1046687,val,train
DTXSID1046689,train,train
DTXSID0046690,val,train
DTXSID5046691,val,train
DTXSID0046692,train,train
DTXSID5046693,val,val
DTXSID0046694,train,train
DTXSID5046695,test,train
DTXSID0046696,val,train
DTXSID5046697,val,train
DTXSID0046698,test,val
DTXSID5046699,train,train
DTXSID7046700,train,train
DTXSID2046701,train,test
DTXSID7046702,val,val
DTXSID2046703,val,test
DTXSID2046705,train,train
DTXSID7046706,train,test
DTXSID2046707,val,train
DTXSID7046708,train,train
DTXSID2046709,test,val
DTXSID1046710,train,train
DTXSID1046712,test,val
DTXSID6046713,train,val
DTXSID1046714,train,val
DTXSID6046715,train,train
DTXSID1046716,train,train
DTXSID6046719,test,val
DTXSID5046720,train,test
DTXSID0046721,test,val
DTXSID5046722,val,train
DTXSID0046723,test,train
DTXSID5046724,test,test
DTXSID0046725,test,train
DTXSID5046726,test,train
DTXSID0046727,train,test
DTXSID5046728,test,train
DTXSID0046729,train,train
DTXSID9046730,test,train
DTXSID9046732,train,train
DTXSID4046733,train,train
DTXSID9046734,val,train
DTXSID4046735,test,train
DTXSID9046736,val,train
DTXSID4046737,val,train
DTXSID9046738,val,val
DTXSID4046739,train,test
DTXSID3046740,val,train
DTXSID3046742,test,train
DTXSID8046743,test,train
DTXSID3046744,val,train
DTXSID3046748,test,train
DTXSID8046749,test,val
DTXSID2046751,train,train
DTXSID7046752,val,train
DTXSID7046754,test,train
DTXSID2046755,test,train
DTXSID7046756,train,train
DTXSID2046757,test,train
DTXSID7046758,train,train
DTXSID2046759,val,test
DTXSID1046760,train,train
DTXSID6046761,train,train
DTXSID6046763,train,train
DTXSID1046764,train,train
DTXSID6046765,val,train
DTXSID1046766,val,test
DTXSID6046767,train,train
DTXSID1046768,train,train
DTXSID5046770,test,train
DTXSID5046772,test,train
DTXSID0046773,train,train
DTXSID5046776,val,train
DTXSID0046777,val,train
DTXSID5046778,test,train
DTXSID0046779,val,train
DTXSID9046780,val,test
DTXSID9046782,val,test
DTXSID4046783,test,train
DTXSID9046784,train,train
DTXSID4046785,train,train
DTXSID9046786,val,train
DTXSID4046787,val,train
DTXSID9046788,val,train
DTXSID3046790,train,test
DTXSID8046791,train,train
DTXSID3046792,val,train
DTXSID8046793,test,train
DTXSID8046795,test,val
DTXSID3046796,train,train
DTXSID3046798,train,val
DTXSID8046799,val,test
DTXSID0046800,test,val
DTXSID5046801,test,test
DTXSID5046803,val,train
DTXSID0046804,test,train
DTXSID5046805,val,val
DTXSID0046806,train,train
DTXSID5046807,train,test
DTXSID0046808,test,train
DTXSID4046810,test,train
DTXSID4046812,val,train
DTXSID9046813,test,train
DTXSID4046814,test,train
DTXSID9046815,train,train
DTXSID4046816,train,train
DTXSID9046817,val,train
DTXSID4046818,train,train
DTXSID8046820,train,test
DTXSID3046821,train,train
DTXSID8046822,train,train
DTXSID3046823,train,train
DTXSID3046825,train,train
DTXSID3046827,val,train
DTXSID2046832,train,train
DTXSID7046833,train,test
DTXSID2046834,train,train
DTXSID7046835,test,train
DTXSID2046836,train,test
DTXSID7046837,train,val
DTXSID7046839,train,test
DTXSID1046841,train,val
DTXSID6046842,train,train
DTXSID1046843,val,val
DTXSID6046844,val,test
DTXSID1046845,val,train
DTXSID6046846,train,train
DTXSID1046847,test,train
DTXSID1046849,test,train
DTXSID0046850,train,train
DTXSID5046851,train,train
DTXSID0046852,val,train
DTXSID5046853,test,train
DTXSID5046855,test,test
DTXSID0046856,test,train
DTXSID5046857,train,train
DTXSID0046858,val,val
DTXSID5046859,val,train
DTXSID9046861,test,train
DTXSID4046862,val,val
DTXSID9046863,test,test
DTXSID4046864,test,train
DTXSID9046865,train,train
DTXSID4046866,val,train
DTXSID9046867,test,train
DTXSID4046868,train,train
DTXSID9046869,train,val
DTXSID8046870,test,train
DTXSID3046871,test,train
DTXSID8046872,train,train
DTXSID3046875,train,train
DTXSID8046876,test,train
DTXSID8046878,test,train
DTXSID3046879,val,train
DTXSID2046880,test,train
DTXSID7046881,val,train
DTXSID7046883,train,train
DTXSID7046885,train,train
DTXSID2046886,train,train
DTXSID2046888,train,train
DTXSID7046889,test,train
DTXSID6046890,train,val
DTXSID1046891,train,train
DTXSID6046892,val,test
DTXSID1046895,test,test
DTXSID6046898,train,val
DTXSID8046901,val,train
DTXSID3046902,train,train
DTXSID8046903,test,train
DTXSID3046904,train,train
DTXSID8046905,train,train
DTXSID3046906,train,test
DTXSID3046908,train,val
DTXSID8046909,test,val
DTXSID7046910,test,train
DTXSID2046911,test,train
DTXSID7046912,test,train
DTXSID2046913,test,train
DTXSID7046914,test,test
DTXSID2046915,val,train
DTXSID7046918,train,train
DTXSID2046919,test,train
DTXSID1046920,test,train
DTXSID6046921,train,train
DTXSID1046922,val,train
DTXSID6046923,test,train
DTXSID1046924,train,test
DTXSID6046925,val,train
DTXSID1046926,test,train
DTXSID9046942,train,val
DTXSID9046946,train,train
DTXSID4046949,train,train
DTXSID8046951,val,test
DTXSID7046966,train,train
DTXSID1046970,val,train
DTXSID1046974,train,val
DTXSID6046977,test,train
DTXSID6046979,test,test
DTXSID5046986,train,train
DTXSID4046991,train,train
DTXSID9046992,test,test
DTXSID9046994,train,test
DTXSID9046998,train,val
DTXSID4046999,train,train
DTXSID8047000,train,train
DTXSID3047001,train,test
DTXSID8047006,val,test
DTXSID6047028,train,train
DTXSID1047029,test,test
DTXSID5047031,test,train
DTXSID0047032,train,test
DTXSID5047033,test,train
DTXSID0047034,train,test
DTXSID5047035,train,val
DTXSID0047036,val,train
DTXSID5047037,val,train
DTXSID0047038,train,train
DTXSID5047039,train,val
DTXSID9047041,val,train
DTXSID4047042,train,train
DTXSID4047044,train,test
DTXSID9047045,val,val
DTXSID4047046,train,train
DTXSID8047050,val,train
DTXSID8047052,test,train
DTXSID3047053,train,train
DTXSID3047055,test,train
DTXSID8047056,train,train
DTXSID3047057,train,train
DTXSID8047058,train,train
DTXSID3047059,train,train
DTXSID2047060,train,val
DTXSID7047061,train,val
DTXSID2047062,train,val
DTXSID2047064,train,train
DTXSID7047065,train,train
DTXSID2047066,train,train
DTXSID7047067,train,train
DTXSID6047070,train,val
DTXSID1047071,train,train
DTXSID6047072,train,train
DTXSID6047074,train,train
DTXSID1047075,train,train
DTXSID0047080,train,train
DTXSID5047081,train,train
DTXSID0047082,train,train
DTXSID5047083,train,train
DTXSID0047084,val,val
DTXSID5047085,train,train
DTXSID0047086,train,train
DTXSID5047087,train,train
DTXSID0047088,train,train
DTXSID5047089,train,test
DTXSID4047090,train,train
DTXSID9047091,train,train
DTXSID4047092,val,train
DTXSID9047093,train,train
DTXSID4047094,train,val
DTXSID9047095,train,test
DTXSID4047098,train,test
DTXSID9047099,train,train
DTXSID6047101,train,test
DTXSID1047102,val,train
DTXSID6047103,train,train
DTXSID1047104,train,test
DTXSID6047105,train,train
DTXSID1047106,train,train
DTXSID6047107,train,train
DTXSID1047108,train,train
DTXSID6047109,train,train
DTXSID5047110,train,train
DTXSID0047111,train,test
DTXSID5047112,train,train
DTXSID0047113,val,train
DTXSID0047115,train,train
DTXSID5047116,train,train
DTXSID5047118,train,train
DTXSID9047120,train,val
DTXSID4047121,val,train
DTXSID4047123,train,train
DTXSID9047124,train,val
DTXSID4047125,train,train
DTXSID9047126,train,train
DTXSID4047127,train,train
DTXSID9047128,train,val
DTXSID4047129,train,train
DTXSID3047130,train,val
DTXSID8047131,train,train
DTXSID3047132,train,train
DTXSID8047133,test,train
DTXSID3047134,train,train
DTXSID8047135,train,train
DTXSID3047136,train,train
DTXSID8047137,train,train
DTXSID3047138,train,train
DTXSID8047139,test,train
DTXSID2047141,test,train
DTXSID7047142,train,train
DTXSID2047145,train,train
DTXSID7047146,train,test
DTXSID2047149,train,train
DTXSID1047150,train,val
DTXSID1047152,train,train
DTXSID1047156,test,test
DTXSID6047157,train,train
DTXSID1047158,train,train
DTXSID6047159,train,train
DTXSID5047160,train,test
DTXSID0047161,train,train
DTXSID5047162,train,train
DTXSID0047163,train,train
DTXSID5047164,train,train
DTXSID0047165,test,train
DTXSID5047166,train,train
DTXSID0047167,train,test
DTXSID5047168,val,val
DTXSID0047169,train,train
DTXSID9047174,train,test
DTXSID9047176,val,test
DTXSID4047177,train,train
DTXSID9047178,train,train
DTXSID3047182,train,train
DTXSID3047184,train,train
DTXSID8047185,train,train
DTXSID3047186,train,test
DTXSID8047187,train,train
DTXSID3047188,train,train
DTXSID8047189,train,train
DTXSID7047190,train,test
DTXSID2047191,train,test
DTXSID7047192,train,train
DTXSID2047193,train,train
DTXSID2047195,train,test
DTXSID7047196,val,train
DTXSID2047197,train,test
DTXSID7047198,train,train
DTXSID2047199,train,train
DTXSID4047200,train,train
DTXSID9047201,train,train
DTXSID4047202,train,train
DTXSID9047203,train,test
DTXSID5047241,test,val
DTXSID0047244,train,train
DTXSID0047246,test,train
DTXSID0047248,val,train
DTXSID5047249,test,train
DTXSID9047251,test,test
DTXSID4047252,test,train
DTXSID9047253,test,train
DTXSID4047254,test,train
DTXSID9047255,val,train
DTXSID9047257,test,test
DTXSID4047258,test,train
DTXSID9047259,test,train
DTXSID3047261,val,train
DTXSID8047262,test,test
DTXSID3047263,test,train
DTXSID8047264,test,train
DTXSID3047265,test,train
DTXSID8047266,test,val
DTXSID3047267,val,train
DTXSID8047268,val,test
DTXSID2047270,test,train
DTXSID7047271,test,train
DTXSID2047272,val,val
DTXSID2047274,val,train
DTXSID2047276,val,test
DTXSID7047277,val,train
DTXSID2047278,val,train
DTXSID7047279,val,train
DTXSID6047280,train,test
DTXSID1047281,val,train
DTXSID6047282,val,train
DTXSID1047283,test,train
DTXSID6047284,test,train
DTXSID1047285,val,test
DTXSID6047286,val,test
DTXSID1047287,test,train
DTXSID6047288,val,train
DTXSID1047289,test,train
DTXSID0047290,train,train
DTXSID5047291,val,test
DTXSID0047292,test,test
DTXSID0047294,test,test
DTXSID5047295,train,train
DTXSID0047296,test,train
DTXSID5047297,test,train
DTXSID5047299,val,train
DTXSID2047301,val,val
DTXSID2047303,val,val
DTXSID7047304,val,train
DTXSID2047305,test,val
DTXSID7047306,test,train
DTXSID2047307,test,val
DTXSID7047308,test,train
DTXSID2047309,test,train
DTXSID1047310,test,train
DTXSID6047311,val,train
DTXSID1047312,train,val
DTXSID6047313,test,train
DTXSID6047315,test,train
DTXSID1047316,test,train
DTXSID1047318,val,val
DTXSID6047319,val,train
DTXSID5047320,val,train
DTXSID5047322,test,train
DTXSID5047324,test,train
DTXSID0047325,val,val
DTXSID0047327,test,test
DTXSID5047328,val,train
DTXSID9047330,test,train
DTXSID4047331,test,test
DTXSID4047333,test,train
DTXSID9047334,test,train
DTXSID4047335,test,train
DTXSID4047337,test,val
DTXSID9047338,val,train
DTXSID4047339,test,train
DTXSID8047341,test,val
DTXSID3047342,test,test
DTXSID3047344,train,train
DTXSID3047346,test,val
DTXSID8047347,train,train
DTXSID3047348,test,train
DTXSID8047349,val,test
DTXSID2047351,test,val
DTXSID2047353,test,train
DTXSID2047355,test,train
DTXSID7047356,test,train
DTXSID2047357,val,val
DTXSID7047358,val,train
DTXSID2047359,test,val
DTXSID1047360,test,val
DTXSID1047362,test,train
DTXSID6047363,train,train
DTXSID1047366,test,train
DTXSID1047368,val,train
DTXSID6047369,val,train
DTXSID0047371,val,test
DTXSID5047372,val,test
DTXSID5047374,test,train
DTXSID0047375,test,test
DTXSID5047376,val,train
DTXSID0047377,test,train
DTXSID0047379,test,train
DTXSID4047381,test,train
DTXSID4047383,val,val
DTXSID4047385,test,val
DTXSID4047387,val,train
DTXSID4047389,test,test
DTXSID8047391,val,train
DTXSID8047399,val,train
DTXSID5047405,train,train
DTXSID0047406,test,val
DTXSID0047408,train,train
DTXSID4047410,train,train
DTXSID9047411,test,test
DTXSID4047412,train,val
DTXSID9047413,train,train
DTXSID4047414,train,val
DTXSID9047415,train,train
DTXSID4047416,train,train
DTXSID9047417,val,train
DTXSID4047418,train,train
DTXSID9047419,train,train
DTXSID8047420,train,train
DTXSID8047422,train,test
DTXSID3047423,train,train
DTXSID8047424,val,val
DTXSID3047425,train,train
DTXSID8047428,train,test
DTXSID7047433,val,train
DTXSID2047434,val,train
DTXSID7047435,train,test
DTXSID2047436,train,train
DTXSID7047437,train,train
DTXSID7047439,train,train
DTXSID6047440,train,test
DTXSID1047443,train,test
DTXSID6047444,train,train
DTXSID6047446,val,train
DTXSID1047447,train,train
DTXSID0047450,train,train
DTXSID5047451,train,val
DTXSID5047453,test,test
DTXSID0047456,val,train
DTXSID9047461,train,train
DTXSID4047462,val,train
DTXSID9047463,test,train
DTXSID4047464,train,train
DTXSID9047465,train,train
DTXSID4047466,train,train
DTXSID4047468,train,train
DTXSID9047469,train,train
DTXSID8047474,train,train
DTXSID8047476,val,train
DTXSID7047487,train,train
DTXSID6047490,train,train
DTXSID1047491,train,train
DTXSID1047493,train,val
DTXSID1047497,train,train
DTXSID6047498,test,test
DTXSID3047508,train,train
DTXSID7047510,train,train
DTXSID2047511,train,train
DTXSID7047518,test,train
DTXSID2047519,train,train
DTXSID1047524,train,train
DTXSID6047525,test,train
DTXSID1047528,train,test
DTXSID6047529,train,train
DTXSID0047533,train,train
DTXSID0047535,train,train
DTXSID0047537,train,test
DTXSID5047538,val,train
DTXSID0047539,test,train
DTXSID9047540,train,test
DTXSID9047542,test,test
DTXSID4047543,test,test
DTXSID4047545,train,train
DTXSID4047547,train,val
DTXSID9047548,train,val
DTXSID4047549,val,train
DTXSID8047551,val,val
DTXSID3047552,train,train
DTXSID8047553,train,val
DTXSID3047554,train,train
DTXSID3047556,train,train
DTXSID3047558,train,train
DTXSID8047559,train,train
DTXSID7047560,train,train
DTXSID7047562,train,train
DTXSID2047565,train,train
DTXSID2047567,train,test
DTXSID7047568,val,train
DTXSID2047569,train,train
DTXSID1047574,train,val
DTXSID1047576,test,test
DTXSID1047578,train,train
DTXSID6047579,train,train
DTXSID0047581,train,train
DTXSID5047582,train,train
DTXSID5047584,train,train
DTXSID0047585,train,train
DTXSID0047587,train,train
DTXSID0047589,test,train
DTXSID9047590,train,train
DTXSID4047591,train,train
DTXSID9047592,train,val
DTXSID9047594,train,train
DTXSID9047598,train,train
DTXSID4047599,train,test
DTXSID1047601,train,train
DTXSID1047603,train,train
DTXSID6047604,train,val
DTXSID1047605,val,train
DTXSID6047606,train,train
DTXSID6047608,train,train
DTXSID1047609,train,train
DTXSID0047610,train,train
DTXSID5047611,train,test
DTXSID0047614,train,train
DTXSID5047617,train,train
DTXSID0047618,train,val
DTXSID4047622,val,train
DTXSID9047623,train,train
DTXSID4047624,train,train
DTXSID4047628,test,train
DTXSID9047629,train,train
DTXSID3047631,train,train
DTXSID3047633,train,train
DTXSID8047636,train,val
DTXSID3047637,train,train
DTXSID3047639,train,val
DTXSID7047641,train,train
DTXSID2047642,train,train
DTXSID7047643,train,train
DTXSID2047644,val,train
DTXSID7047645,train,train
DTXSID2047646,train,train
DTXSID7047647,test,train
DTXSID2047648,train,test
DTXSID7047649,train,val
DTXSID1047651,train,train
DTXSID6047654,train,train
DTXSID1047655,train,train
DTXSID6047656,train,test
DTXSID1047659,train,test
DTXSID0047660,val,train
DTXSID5047661,train,train
DTXSID0047662,train,val
DTXSID5047663,test,val
DTXSID5047665,train,train
DTXSID5047667,train,train
DTXSID4047670,train,test
DTXSID4047672,train,val
DTXSID9047673,test,train
DTXSID4047674,train,train
DTXSID9047675,val,train
DTXSID9047677,test,train
DTXSID4047678,test,train
DTXSID9047679,train,train
DTXSID8047680,train,train
DTXSID3047681,train,val
DTXSID8047682,train,train
DTXSID3047683,val,train
DTXSID8047684,train,train
DTXSID8047686,test,train
DTXSID7047697,val,train
DTXSID9047700,train,val
DTXSID9047702,train,test
DTXSID4047703,test,train
DTXSID9047704,train,train
DTXSID4047705,test,train
DTXSID9047706,val,val
DTXSID8047713,train,train
DTXSID3047716,val,test
DTXSID8047717,train,train
DTXSID2047723,val,train
DTXSID2047725,train,test
DTXSID7047726,train,train
DTXSID0047741,test,train
DTXSID5047744,train,test
DTXSID0047745,train,train
DTXSID7047772,val,train
DTXSID2047773,train,train
DTXSID7047774,val,train
DTXSID2047775,val,test
DTXSID7047776,train,train
DTXSID2047777,val,val
DTXSID7047778,val,train
DTXSID2047779,val,train
DTXSID1047780,train,train
DTXSID6047781,train,test
DTXSID1047782,test,train
DTXSID6047783,train,train
DTXSID1047784,test,train
DTXSID6047785,test,train
DTXSID1047786,val,val
DTXSID6047787,test,train
DTXSID6047789,train,train
DTXSID5047790,train,train
DTXSID0047797,train,test
DTXSID0047799,train,train
DTXSID7047801,train,val
DTXSID2047802,train,train
DTXSID7047803,train,test
DTXSID7047807,train,train
DTXSID1047811,train,test
DTXSID1047813,train,test
DTXSID1047815,train,train
DTXSID1047817,test,train
DTXSID6047818,train,train
DTXSID1047819,test,test
DTXSID0047820,test,test
DTXSID0047822,val,test
DTXSID5047825,test,test
DTXSID0047828,train,train
DTXSID9047833,test,train
DTXSID9047835,train,train
DTXSID9047837,test,train
DTXSID4047838,train,test
DTXSID9047839,val,test
DTXSID8047840,train,train
DTXSID8047842,test,train
DTXSID3047843,train,train
DTXSID8047844,train,train
DTXSID3047845,train,train
DTXSID8047846,test,test
DTXSID3047847,train,train
DTXSID8047848,train,train
DTXSID3047849,train,train
DTXSID2047850,test,val
DTXSID7047851,train,val
DTXSID2047852,train,train
DTXSID2047856,test,test
DTXSID7047857,test,val
DTXSID2047858,train,train
DTXSID1047869,test,test
DTXSID0047870,train,val
DTXSID5047871,train,train
DTXSID0047872,train,train
DTXSID5047873,train,train
DTXSID0047874,train,test
DTXSID5047875,train,test
DTXSID0047876,val,train
DTXSID5047877,train,train
DTXSID0047878,val,test
DTXSID5047879,train,train
DTXSID4047880,train,train
DTXSID9047881,train,train
DTXSID4047882,train,train
DTXSID9047883,train,train
DTXSID9047885,train,train
DTXSID4047886,train,test
DTXSID9047887,train,train
DTXSID4047888,train,train
DTXSID9047889,train,train
DTXSID8047890,train,train
DTXSID3047891,train,train
DTXSID8047892,train,train
DTXSID3047893,val,train
DTXSID8047894,train,train
DTXSID3047895,train,train
DTXSID8047896,val,val
DTXSID8047898,test,val
DTXSID3047899,train,train
DTXSID5047900,train,test
DTXSID5047906,train,train
DTXSID9047910,train,train
DTXSID4047913,train,train
DTXSID4047917,train,val
DTXSID3047922,train,train
DTXSID8047923,train,train
DTXSID8047927,train,train
DTXSID3047928,train,train
DTXSID8047929,val,train
DTXSID7047934,train,train
DTXSID1047944,train,val
DTXSID5047956,train,train
DTXSID0047957,train,train
DTXSID0047959,train,train
DTXSID9047960,train,val
DTXSID4047961,train,test
DTXSID9047962,train,train
DTXSID4047963,val,train
DTXSID3047970,train,test
DTXSID3047972,test,train
DTXSID8047973,train,train
DTXSID3047974,train,train
DTXSID2048161,test,test
DTXSID7048166,val,val
DTXSID2048167,train,train
DTXSID7048168,val,train
DTXSID1048170,val,test
DTXSID6048171,val,train
DTXSID1048172,test,test
DTXSID1048174,test,test
DTXSID6048175,train,train
DTXSID1048176,val,train
DTXSID1048178,test,train
DTXSID5048180,train,train
DTXSID0048181,train,test
DTXSID5048182,val,train
DTXSID0048183,test,val
DTXSID5048184,test,test
DTXSID5048186,train,train
DTXSID0048187,train,train
DTXSID5048188,train,test
DTXSID0048189,train,train
DTXSID9048190,val,val
DTXSID4048191,train,val
DTXSID9048192,train,test
DTXSID4048193,train,train
DTXSID9048194,train,test
DTXSID4048195,train,train
DTXSID9048196,train,train
DTXSID9048198,train,train
DTXSID4048199,train,val
DTXSID6048200,train,train
DTXSID1048201,test,val
DTXSID6048202,train,train
DTXSID1048203,train,val
DTXSID6048204,train,train
DTXSID6048206,train,train
DTXSID1048207,train,train
DTXSID6048208,train,test
DTXSID1048209,train,test
DTXSID0048210,train,train
DTXSID5048211,train,val
DTXSID4048270,train,train
DTXSID9048271,train,val
DTXSID3048310,val,train
DTXSID2048379,train,val
DTXSID6048383,train,train
DTXSID5048421,test,train
DTXSID0048505,test,test
DTXSID5048506,test,train
DTXSID0048507,test,val
DTXSID0048509,val,val
DTXSID9048510,val,train
DTXSID4048511,val,train
DTXSID9048512,test,train
DTXSID4048513,val,train
DTXSID9048514,val,test
DTXSID9048516,val,train
DTXSID9048518,val,train
DTXSID4048519,test,train
DTXSID3048520,val,train
DTXSID8048521,val,train
DTXSID3048574,train,train
DTXSID8048575,train,train
DTXSID3048576,test,test
DTXSID8048577,val,train
DTXSID3048578,test,test
DTXSID8048579,test,train
DTXSID7048580,val,train
DTXSID2048581,train,train
DTXSID7048582,val,train
DTXSID2048583,test,test
DTXSID2048585,test,train
DTXSID7048586,test,test
DTXSID2048587,train,val
DTXSID7048588,test,train
DTXSID1048590,train,train
DTXSID6048591,val,train
DTXSID1048592,val,val
DTXSID6048593,test,train
DTXSID1048594,train,val
DTXSID6048595,train,train
DTXSID1048596,test,train
DTXSID6048597,test,train
DTXSID1048598,train,train
DTXSID6048599,train,val
DTXSID8048600,train,train
DTXSID3048601,train,train
DTXSID3048603,train,test
DTXSID3048605,test,train
DTXSID8048606,train,val
DTXSID3048607,val,train
DTXSID3048609,train,train
DTXSID2048610,val,train
DTXSID7048611,val,train
DTXSID2048612,val,train
DTXSID7048613,test,train
DTXSID2048614,test,train
DTXSID7048615,val,train
DTXSID2048616,train,train
DTXSID7048617,test,train
DTXSID2048618,train,train
DTXSID7048619,val,train
DTXSID6048620,train,train
DTXSID1048621,train,train
DTXSID6048622,val,train
DTXSID1048623,train,test
DTXSID6048626,train,train
DTXSID1048627,val,train
DTXSID6048628,train,test
DTXSID1048629,test,train
DTXSID5048631,val,train
DTXSID0048632,test,test
DTXSID5048633,test,train
DTXSID0048634,train,val
DTXSID5048635,test,val
DTXSID0048636,train,train
DTXSID5048637,val,train
DTXSID0048638,train,test
DTXSID5048639,train,train
DTXSID4048640,val,train
DTXSID9048641,val,test
DTXSID9048643,val,train
DTXSID4048644,test,train
DTXSID9048645,val,train
DTXSID9048647,train,train
DTXSID4048648,train,val
DTXSID9048649,train,train
DTXSID8048650,val,train
DTXSID8048652,train,train
DTXSID3048653,train,train
DTXSID8048654,test,test
DTXSID3048655,test,train
DTXSID8048656,test,train
DTXSID3048657,test,train
DTXSID8048658,train,test
DTXSID3048659,val,train
DTXSID2048660,test,train
DTXSID7048661,test,train
DTXSID2048662,test,train
DTXSID7048663,val,test
DTXSID2048664,train,train
DTXSID7048665,train,train
DTXSID2048666,test,test
DTXSID7048667,train,train
DTXSID2048668,test,train
DTXSID7048669,test,val
DTXSID6048670,train,train
DTXSID1048671,train,train
DTXSID6048672,train,test
DTXSID6048674,train,train
DTXSID6048676,val,train
DTXSID1048677,train,train
DTXSID6048678,train,train
DTXSID1048679,val,test
DTXSID0048680,train,train
DTXSID5048681,train,train
DTXSID0048682,val,train
DTXSID0048684,train,train
DTXSID5048685,test,val
DTXSID0048686,train,train
DTXSID5048687,test,train
DTXSID0048688,train,val
DTXSID5048689,test,test
DTXSID4048690,test,train
DTXSID9048691,test,train
DTXSID4048692,val,test
DTXSID9048693,train,train
DTXSID4048694,val,train
DTXSID9048695,val,train
DTXSID4048696,train,train
DTXSID9048697,train,train
DTXSID9048699,train,train
DTXSID1048700,train,train
DTXSID6048701,train,train
DTXSID6048705,val,train
DTXSID1048706,train,train
DTXSID6048707,train,train
DTXSID1048708,val,test
DTXSID5048710,train,train
DTXSID5048712,val,train
DTXSID0048713,train,train
DTXSID5048714,train,train
DTXSID0048715,test,train
DTXSID5048716,val,train
DTXSID0048717,train,train
DTXSID5048718,val,train
DTXSID0048719,val,test
DTXSID9048720,train,train
DTXSID4048721,val,train
DTXSID9048722,test,train
DTXSID4048723,train,train
DTXSID4048725,val,train
DTXSID4048727,test,val
DTXSID9048728,val,train
DTXSID3048730,train,train
DTXSID3048732,train,train
DTXSID8048733,test,test
DTXSID3048734,train,train
DTXSID8048735,val,val
DTXSID3048736,train,train
DTXSID8048737,train,test
DTXSID7048740,train,train
DTXSID2048741,train,train
DTXSID7048742,val,test
DTXSID2048743,val,val
DTXSID7048744,train,test
DTXSID2048745,val,train
DTXSID7048746,val,val
DTXSID7048748,train,val
DTXSID2048749,train,train
DTXSID1048750,train,train
DTXSID6048751,val,train
DTXSID1048752,val,train
DTXSID6048753,val,train
DTXSID1048754,train,train
DTXSID1048756,val,train
DTXSID6048757,test,train
DTXSID1048758,val,train
DTXSID6048759,val,train
DTXSID5048760,val,train
DTXSID0048761,train,test
DTXSID5048762,test,train
DTXSID0048763,test,val
DTXSID5048764,test,train
DTXSID0048765,train,train
DTXSID5048768,test,train
DTXSID9048772,train,train
DTXSID4048773,val,test
DTXSID9048774,val,train
DTXSID4048775,test,test
DTXSID4048777,train,train
DTXSID9048778,train,train
DTXSID4048779,test,train
DTXSID3048780,val,train
DTXSID8048781,val,train
DTXSID3048782,test,val
DTXSID8048783,val,train
DTXSID3048784,val,val
DTXSID8048785,val,train
DTXSID8048787,val,train
DTXSID3048788,train,train
DTXSID8048789,train,train
DTXSID7048790,test,val
DTXSID2048791,val,val
DTXSID7048792,test,train
DTXSID2048793,train,test
DTXSID7048794,train,train
DTXSID2048795,test,train
DTXSID7048796,val,test
DTXSID2048797,val,train
DTXSID7048798,val,train
DTXSID2048799,test,train
DTXSID4048800,test,train
DTXSID9048801,val,test
DTXSID4048802,test,test
DTXSID9048803,test,train
DTXSID4048804,test,train
DTXSID9048805,train,train
DTXSID4048806,val,val
DTXSID9048807,val,train
DTXSID4048808,train,train
DTXSID9048809,train,val
DTXSID8048810,train,train
DTXSID3048811,test,train
DTXSID8048812,train,train
DTXSID3048813,test,test
DTXSID8048814,train,test
DTXSID3048815,train,train
DTXSID8048816,test,val
DTXSID3048817,train,train
DTXSID8048818,val,train
DTXSID3048819,train,train
DTXSID2048820,test,train
DTXSID7048821,val,train
DTXSID2048822,test,val
DTXSID7048823,val,train
DTXSID2048824,val,train
DTXSID7048825,train,test
DTXSID2048826,val,val
DTXSID7048827,val,train
DTXSID2048828,val,train
DTXSID7048829,val,train
DTXSID6048830,train,train
DTXSID1048831,val,test
DTXSID6048832,test,train
DTXSID1048833,val,train
DTXSID6048834,test,train
DTXSID1048835,test,val
DTXSID6048836,test,train
DTXSID1048837,train,train
DTXSID6048838,val,train
DTXSID1048839,val,train
DTXSID0048840,train,train
DTXSID5048841,train,train
DTXSID0048842,val,train
DTXSID5048843,train,train
DTXSID0048844,test,train
DTXSID5048845,val,train
DTXSID0048846,val,train
DTXSID5048847,test,train
DTXSID0048848,test,train
DTXSID5048849,val,train
DTXSID4048850,val,test
DTXSID9048851,train,train
DTXSID4048852,val,train
DTXSID9048853,train,val
DTXSID4048854,test,test
DTXSID9048855,test,test
DTXSID4048856,val,test
DTXSID4048858,test,test
DTXSID9048859,train,train
DTXSID8048860,val,train
DTXSID3048861,train,test
DTXSID8048862,train,train
DTXSID3048863,train,train
DTXSID8048864,train,train
DTXSID8048866,train,val
DTXSID8048868,train,val
DTXSID3048869,val,val
DTXSID2048870,val,train
DTXSID7048873,train,train
DTXSID7048875,train,train
DTXSID2048878,train,train
DTXSID7048879,train,train
DTXSID6048880,train,test
DTXSID1048881,train,train
DTXSID6048884,train,train
DTXSID6048886,train,train
DTXSID6048888,train,train
DTXSID0048890,train,val
DTXSID5048891,train,train
DTXSID0048892,train,train
DTXSID5048893,train,test
DTXSID0048894,train,train
DTXSID5048895,train,val
DTXSID0048896,train,train
DTXSID5048897,train,train
DTXSID0048898,train,train
DTXSID5048899,train,train
DTXSID7048900,train,train
DTXSID2048901,train,test
DTXSID7048902,val,val
DTXSID2048905,test,train
DTXSID2048907,val,val
DTXSID7048908,val,test
DTXSID1048910,val,train
DTXSID1048912,train,train
DTXSID1048914,train,train
DTXSID6048915,train,train
DTXSID1048916,train,train
DTXSID1048918,test,train
DTXSID6048919,val,train
DTXSID5048920,train,train
DTXSID0048921,val,train
DTXSID5048922,val,train
DTXSID0048923,val,train
DTXSID0048925,val,test
DTXSID0048927,test,train
DTXSID5048928,train,val
DTXSID0048929,train,train
DTXSID9048930,train,train
DTXSID4048931,train,val
DTXSID9048932,train,train
DTXSID4048933,test,train
DTXSID9048934,train,train
DTXSID4048935,train,train
DTXSID9048936,train,train
DTXSID4048937,val,train
DTXSID9048938,train,test
DTXSID4048939,val,train
DTXSID3048940,train,train
DTXSID8048941,test,val
DTXSID3048942,train,train
DTXSID8048943,test,train
DTXSID3048944,val,train
DTXSID8048945,val,val
DTXSID3048946,train,train
DTXSID8048947,test,train
DTXSID3048948,val,test
DTXSID8048949,val,train
DTXSID7048950,val,train
DTXSID7048952,train,train
DTXSID2048955,train,train
DTXSID7048956,test,train
DTXSID2048957,test,test
DTXSID7048958,test,train
DTXSID2048959,train,val
DTXSID6048961,test,train
DTXSID1048962,train,val
DTXSID6048963,val,train
DTXSID1048964,train,train
DTXSID6048965,test,test
DTXSID1048966,val,train
DTXSID6048967,val,train
DTXSID1048968,train,train
DTXSID6048969,train,train
DTXSID5048970,train,train
DTXSID0048971,val,train
DTXSID5048972,train,train
DTXSID0048973,train,train
DTXSID5048974,test,test
DTXSID0048975,train,test
DTXSID5048976,test,train
DTXSID0048977,test,train
DTXSID5048978,train,train
DTXSID9048980,train,val
DTXSID4048981,train,train
DTXSID9048982,val,train
DTXSID4048983,val,train
DTXSID9048984,test,val
DTXSID4048985,train,train
DTXSID9048986,train,val
DTXSID4048987,train,train
DTXSID9048988,test,train
DTXSID8048991,val,train
DTXSID3048992,val,test
DTXSID8048993,val,train
DTXSID3048996,val,train
DTXSID8048997,train,test
DTXSID3048998,train,val
DTXSID8048999,val,train
DTXSID2049000,train,train
DTXSID2049002,train,test
DTXSID7049003,train,test
DTXSID2049004,val,train
DTXSID7049005,train,train
DTXSID2049006,train,val
DTXSID7049007,val,train
DTXSID2049008,train,train
DTXSID7049009,test,train
DTXSID6049010,test,train
DTXSID1049011,val,train
DTXSID1049013,val,train
DTXSID1049015,train,train
DTXSID6049016,train,train
DTXSID1049017,train,val
DTXSID6049018,train,val
DTXSID5049021,test,train
DTXSID0049022,train,train
DTXSID0049024,train,train
DTXSID0049026,train,train
DTXSID5049027,train,train
DTXSID0049028,train,train
DTXSID5049029,test,test
DTXSID9049031,train,train
DTXSID4049032,train,train
DTXSID9049033,val,train
DTXSID4049034,test,train
DTXSID9049035,train,train
DTXSID4049038,val,train
DTXSID9049039,val,train
DTXSID8049040,val,test
DTXSID3049041,train,train
DTXSID8049042,train,val
DTXSID3049043,test,test
DTXSID8049044,train,train
DTXSID3049045,train,val
DTXSID8049046,train,train
DTXSID3049047,test,train
DTXSID8049048,val,train
DTXSID3049049,test,train
DTXSID2049050,val,train
DTXSID7049051,test,train
DTXSID2049052,train,train
DTXSID7049053,test,train
DTXSID2049054,train,train
DTXSID7049055,test,test
DTXSID2049056,test,train
DTXSID7049057,test,train
DTXSID2049058,train,train
DTXSID7049059,val,train
DTXSID6049060,test,train
DTXSID1049061,train,train
DTXSID6049062,train,train
DTXSID6049064,val,train
DTXSID1049065,val,val
DTXSID6049066,test,train
DTXSID1049067,test,train
DTXSID6049068,train,val
DTXSID1049069,val,train
DTXSID0049070,train,train
DTXSID5049071,train,train
DTXSID0049074,test,train
DTXSID5049075,val,train
DTXSID0049076,val,train
DTXSID5049077,test,val
DTXSID0049078,train,test
DTXSID5049079,test,train
DTXSID4049080,train,train
DTXSID4049082,test,test
DTXSID8049202,train,train
DTXSID3049203,train,val
DTXSID8049204,train,train
DTXSID3049205,train,train
DTXSID3049207,train,train
DTXSID8049208,train,test
DTXSID3049209,train,val
DTXSID2049210,train,train
DTXSID7049211,train,train
DTXSID2049212,train,train
DTXSID7049213,train,train
DTXSID7049215,train,train
DTXSID6049220,test,test
DTXSID1049221,train,train
DTXSID6049222,train,val
DTXSID1049223,train,train
DTXSID6049224,train,train
DTXSID1049225,test,train
DTXSID6049226,train,train
DTXSID1049229,train,train
DTXSID0049230,train,test
DTXSID5049233,train,train
DTXSID0049236,train,train
DTXSID4049240,train,train
DTXSID4049242,train,val
DTXSID9049243,train,test
DTXSID4049244,train,train
DTXSID9049245,val,val
DTXSID9049247,train,train
DTXSID8049250,train,train
DTXSID3049255,train,train
DTXSID8049256,train,train
DTXSID2049260,val,train
DTXSID7049261,train,train
DTXSID2049262,train,train
DTXSID7049265,train,train
DTXSID2049268,train,train
DTXSID7049269,train,train
DTXSID6049270,train,train
DTXSID1049271,val,val
DTXSID6049272,train,train
DTXSID1049273,train,train
DTXSID1049277,train,test
DTXSID6049278,train,train
DTXSID0049280,train,test
DTXSID0049284,train,val
DTXSID5049287,train,train
DTXSID0049288,train,train
DTXSID5049289,train,train
DTXSID9049293,train,train
DTXSID4049294,train,test
DTXSID9049295,train,train
DTXSID6049301,train,test
DTXSID1049302,train,val
DTXSID6049303,train,test
DTXSID1049304,train,train
DTXSID1049306,train,val
DTXSID6049307,val,train
DTXSID1049308,train,test
DTXSID6049309,train,train
DTXSID0049311,train,train
DTXSID5049312,train,train
DTXSID0049313,test,train
DTXSID0049315,train,val
DTXSID5049316,test,train
DTXSID0049317,train,test
DTXSID5049318,train,train
DTXSID0049319,train,val
DTXSID4049321,train,train
DTXSID9049322,train,train
DTXSID4049323,train,train
DTXSID9049324,train,train
DTXSID9049326,train,test
DTXSID4049327,train,train
DTXSID3049330,train,val
DTXSID8049331,val,train
DTXSID3049332,train,train
DTXSID3049334,train,val
DTXSID3049336,train,val
DTXSID8049337,train,train
DTXSID8049339,train,train
DTXSID7049340,val,test
DTXSID2049341,train,test
DTXSID7049344,train,train
DTXSID7049346,train,test
DTXSID7049348,train,val
DTXSID2049349,train,train
DTXSID1049350,train,train
DTXSID1049352,train,train
DTXSID1049354,train,train
DTXSID6049355,train,val
DTXSID6049357,train,train
DTXSID1049358,train,train
DTXSID5049362,train,train
DTXSID0049365,train,train
DTXSID4049371,train,train
DTXSID4049373,train,train
DTXSID9049374,val,train
DTXSID9049376,val,train
DTXSID4049377,val,train
DTXSID4049379,train,train
DTXSID3049380,train,train
DTXSID8049381,train,test
DTXSID3049382,train,val
DTXSID8049383,train,train
DTXSID2049391,train,val
DTXSID7049392,train,train
DTXSID2049393,train,test
DTXSID7049394,test,train
DTXSID2049395,train,train
DTXSID7049396,train,train
DTXSID2049397,train,train
DTXSID7049398,train,val
DTXSID2049399,test,test
DTXSID4049400,val,train
DTXSID9049403,val,train
DTXSID4049404,train,train
DTXSID9049405,val,val
DTXSID4049406,train,val
DTXSID9049407,train,val
DTXSID9049409,test,test
DTXSID8049410,train,val
DTXSID3049411,val,test
DTXSID8049412,test,train
DTXSID3049413,test,train
DTXSID8049414,train,train
DTXSID8049416,test,train
DTXSID3049417,val,train
DTXSID8049418,train,train
DTXSID2049420,train,val
DTXSID7049423,train,test
DTXSID2049424,test,train
DTXSID7049425,train,train
DTXSID2049426,train,test
DTXSID7049427,train,train
DTXSID2049428,test,train
DTXSID7049429,test,val
DTXSID6049430,test,val
DTXSID1049431,val,train
DTXSID6049432,train,train
DTXSID1049433,train,train
DTXSID6050386,train,train
DTXSID0050423,test,train
DTXSID0050425,train,train
DTXSID5050426,train,train
DTXSID5051440,train,train
DTXSID20930274,test,train
